,ALL US Equity,ALL US Equity,ALL US Equity
,PX_LAST,CUR_MKT_CAP,PX_VOLUME
2014-01-02,53.55,24357.1345,1909106.0
2014-01-03,53.33,24257.0678,1570245.0
2014-01-06,53.12,24161.5496,2695962.0
2014-01-07,53.35,24266.1648,1882573.0
2014-01-08,53.52,24343.489,3075402.0
2014-01-09,53.83,24484.492,1991611.0
2014-01-10,54.09,24602.7526,2421917.0
2014-01-13,53.46,24316.1981,2964283.0
2014-01-14,53.99,24557.2678,2132794.0
2014-01-15,53.89,24511.783,2235657.0
2014-01-16,53.18,24188.8406,3703775.0
2014-01-17,52.9,24061.483,1847913.0
2014-01-21,52.68,23961.4163,2973862.0
2014-01-22,52.41,23838.6072,3169804.0
2014-01-23,51.64,23488.3739,2879565.0
2014-01-24,50.62,23024.4285,3365446.0
2014-01-27,50.7,23060.8164,4154210.0
2014-01-28,51.77,23547.5042,3156028.0
2014-01-29,51.74,23533.8588,3602032.0
2014-01-30,52.3,23788.5739,1801689.0
2014-01-31,51.2,23288.2406,3876979.0
2014-02-03,49.96,22724.2285,3147416.0
2014-02-04,49.9,22696.9376,3540425.0
2014-02-05,49.55,22537.7407,3799499.0
2014-02-06,52.36,23815.8648,6487386.0
2014-02-07,52.76,23689.24,4169877.0
2014-02-10,52.09,23388.41,4023481.0
2014-02-11,52.81,23711.69,3150465.0
2014-02-12,52.53,23585.97,3991580.0
2014-02-13,52.7,23662.3,1671312.0
2014-02-14,52.96,23779.04,2195590.0
2014-02-18,52.18,23428.82,3507151.0
2014-02-19,51.79,23253.71,3506517.0
2014-02-20,53.47,23906.408,4347792.0
2014-02-21,53.86,24080.7767,3665707.0
2014-02-24,53.86,24080.7767,3995921.0
2014-02-25,53.65,23986.8859,2714639.0
2014-02-26,53.85,24076.3057,2025700.0
2014-02-27,54.23,24246.2035,2373188.0
2014-02-28,54.26,24259.6165,3521555.0
2014-03-03,54.05,24165.7256,3281555.0
2014-03-04,54.85,24523.4052,3531375.0
2014-03-05,55.07,24621.7671,2218934.0
2014-03-06,55.17,24666.477,2414658.0
2014-03-07,55.71,24907.9107,2471954.0
2014-03-10,55.8,24948.1497,1956915.0
2014-03-11,55.61,24863.2008,2361901.0
2014-03-12,55.49,24809.5489,2210355.0
2014-03-13,55.11,24639.6511,2762507.0
2014-03-14,55.13,24648.5931,2695252.0
2014-03-17,55.52,24822.9618,1337954.0
2014-03-18,55.47,24800.6069,2038261.0
2014-03-19,55.31,24729.071,3238838.0
2014-03-20,55.56,24840.8458,2539198.0
2014-03-21,56.06,25064.3955,3903221.0
2014-03-24,56.18,25118.0475,2366198.0
2014-03-25,56.0,25037.5696,3152125.0
2014-03-26,55.7,24903.4397,1991866.0
2014-03-27,55.64,24876.6138,1925649.0
2014-03-28,55.8,24948.1497,1467987.0
2014-03-31,56.58,25296.8873,2123524.0
2014-04-01,56.49,25256.6483,2229032.0
2014-04-02,56.15,25104.6345,2328532.0
2014-04-03,56.59,25301.3583,2207721.0
2014-04-04,56.41,25220.8804,2615797.0
2014-04-07,55.75,24876.2376,2625067.0
2014-04-08,55.89,24938.7071,2100987.0
2014-04-09,56.13,25045.7977,2186661.0
2014-04-10,55.51,24769.1471,3705588.0
2014-04-11,55.29,24670.9808,2678287.0
2014-04-14,55.2,24630.8219,3510594.0
2014-04-15,55.56,24791.4576,3503002.0
2014-04-16,55.99,24983.3282,2705534.0
2014-04-17,55.77,24885.1619,3150446.0
2014-04-21,55.77,24885.1619,2083951.0
2014-04-22,56.02,24996.7145,1983032.0
2014-04-23,56.19,25072.5703,1663493.0
2014-04-24,56.4,25166.2745,1885643.0
2014-04-25,56.11,25036.8734,2208387.0
2014-04-28,56.84,25362.6071,3271450.0
2014-04-29,56.89,25384.9177,1820033.0
2014-04-30,56.95,25411.6903,2438926.0
2014-05-01,57.29,25563.4019,2177538.0
2014-05-02,57.18,25514.3187,1898461.0
2014-05-05,57.12,25487.5461,1548586.0
2014-05-06,56.57,24550.8793,2982867.0
2014-05-07,57.82,25093.3683,3056490.0
2014-05-08,57.98,25162.8069,3403404.0
2014-05-09,58.13,25227.9055,2561538.0
2014-05-12,58.35,25323.3836,1800318.0
2014-05-13,58.4,25345.0832,2153343.0
2014-05-14,58.09,25210.5459,2775552.0
2014-05-15,57.56,24980.5306,3390696.0
2014-05-16,57.74,25058.649,3971050.0
2014-05-19,58.2,25258.2849,2085479.0
2014-05-20,58.08,25206.206,2255688.0
2014-05-21,58.42,25353.763,1520442.0
2014-05-22,58.35,25323.3836,1797966.0
2014-05-23,58.38,25336.4033,1418683.0
2014-05-27,58.46,25371.1226,1575601.0
2014-05-28,58.18,25249.6051,1738918.0
2014-05-29,58.3,25301.684,1240158.0
2014-05-30,58.26,25284.3244,3303893.0
2014-06-02,58.67,25462.2608,1585874.0
2014-06-03,58.58,25423.2016,1767123.0
2014-06-04,58.62,25440.5612,1678566.0
2014-06-05,59.11,25653.2169,2443715.0
2014-06-06,59.32,25744.355,1459071.0
2014-06-09,59.16,25674.9164,1516661.0
2014-06-10,59.18,25683.5963,1867003.0
2014-06-11,59.08,25640.1971,1597587.0
2014-06-12,58.71,25479.6204,2087714.0
2014-06-13,59.01,25609.8178,1700050.0
2014-06-16,58.81,25523.0195,1672390.0
2014-06-17,59.21,25696.616,1919450.0
2014-06-18,59.16,25674.9164,2970629.0
2014-06-19,58.82,25527.3594,3662789.0
2014-06-20,58.82,25527.3594,5046813.0
2014-06-23,59.2,25692.2761,2701539.0
2014-06-24,58.92,25570.7586,1959472.0
2014-06-25,58.71,25479.6204,1903847.0
2014-06-26,58.55,25410.1818,1734413.0
2014-06-27,58.69,25470.9406,2193559.0
2014-06-30,58.72,25483.9603,1800749.0
2014-07-01,59.12,25657.5568,1789778.0
2014-07-02,59.0,25605.4778,1590242.0
2014-07-03,58.97,25592.4581,1530191.0
2014-07-07,58.53,25401.502,2763588.0
2014-07-08,58.48,25379.8024,2882019.0
2014-07-09,58.48,25379.8024,2808678.0
2014-07-10,58.07,25201.8661,2701858.0
2014-07-11,58.2,25258.2849,1422767.0
2014-07-14,58.28,25293.0042,2224550.0
2014-07-15,58.46,25371.1226,2049062.0
2014-07-16,58.16,25240.9253,1901731.0
2014-07-17,57.82,25093.3683,1970410.0
2014-07-18,58.06,25197.5262,2016101.0
2014-07-21,58.01,25175.8266,1493868.0
2014-07-22,58.09,25210.5459,1881887.0
2014-07-23,58.33,25314.7038,1260457.0
2014-07-24,58.49,25384.1424,1138147.0
2014-07-25,57.94,25145.4472,1193004.0
2014-07-28,57.94,25145.4472,2130638.0
2014-07-29,57.05,24759.1951,3314555.0
2014-07-30,56.89,24656.1378,3104227.0
2014-07-31,58.45,25332.2421,6260338.0
2014-08-01,58.14,25197.8881,3260327.0
2014-08-04,58.96,25553.2762,5669036.0
2014-08-05,58.85,25505.6022,3138853.0
2014-08-06,59.58,25821.9844,2473998.0
2014-08-07,59.31,25704.9663,3130362.0
2014-08-08,59.67,25860.9904,2628439.0
2014-08-11,59.56,25813.3164,2272572.0
2014-08-12,60.15,26069.0225,3453229.0
2014-08-13,60.11,26051.6865,2574529.0
2014-08-14,60.78,26342.0646,2512904.0
2014-08-15,60.69,26303.0586,2418628.0
2014-08-18,61.28,26558.7647,2058274.0
2014-08-19,61.09,26476.4187,1624885.0
2014-08-20,61.4,26610.7727,1449644.0
2014-08-21,61.51,26658.4468,2367579.0
2014-08-22,61.22,26532.7607,1978442.0
2014-08-25,61.91,26831.8068,1893838.0
2014-08-26,61.86,26810.1368,1876351.0
2014-08-27,61.53,26667.1148,1666495.0
2014-08-28,61.15,26502.4227,1847137.0
2014-08-29,61.49,26649.7788,1934718.0
2014-09-02,61.83,26797.1348,1827107.0
2014-09-03,61.64,26714.7888,1479366.0
2014-09-04,61.37,26597.7707,1563772.0
2014-09-05,61.35,26589.1027,1871774.0
2014-09-08,61.39,26606.4387,1203745.0
2014-09-09,60.84,26368.0686,1757555.0
2014-09-10,60.89,26389.7386,1475842.0
2014-09-11,61.21,26528.4267,1764753.0
2014-09-12,61.0,26437.4127,2215700.0
2014-09-15,61.62,26706.1208,2063149.0
2014-09-16,61.71,26745.1268,1616950.0
2014-09-17,61.75,26762.4628,1638870.0
2014-09-18,62.32,27009.5009,1881219.0
2014-09-19,62.2,26957.4929,2756492.0
2014-09-22,61.84,26801.4688,1740426.0
2014-09-23,61.31,26571.7667,3786202.0
2014-09-24,61.68,26732.1248,1370487.0
2014-09-25,61.09,26476.4187,2005855.0
2014-09-26,61.41,26615.1067,1279288.0
2014-09-29,61.29,26563.0987,1279228.0
2014-09-30,61.37,26597.7707,2256877.0
2014-10-01,60.81,26355.0666,2238367.0
2014-10-02,61.14,26498.0887,1961656.0
2014-10-03,61.73,26753.7948,2737743.0
2014-10-06,61.62,26706.1208,1549940.0
2014-10-07,60.9,26394.0726,1757200.0
2014-10-08,61.64,26714.7888,2261186.0
2014-10-09,61.01,26441.7467,2819250.0
2014-10-10,61.16,26506.7567,2029157.0
2014-10-13,61.06,26463.4167,2521914.0
2014-10-14,61.62,26706.1208,2896415.0
2014-10-15,60.57,26251.0506,3434712.0
2014-10-16,59.86,25943.3364,3693985.0
2014-10-17,60.64,26281.3886,2709009.0
2014-10-20,60.85,26372.4026,1837696.0
2014-10-21,62.03,26883.8149,3165009.0
2014-10-22,61.81,26788.4668,2702565.0
2014-10-23,62.0,26870.8129,2454653.0
2014-10-24,62.57,27117.851,2015519.0
2014-10-27,63.13,27360.5551,3801770.0
2014-10-28,63.23,27403.8951,3401950.0
2014-10-29,62.98,26415.9085,2563199.0
2014-10-30,63.91,26805.9815,2503939.0
2014-10-31,64.85,27200.2488,3055369.0
2014-11-03,64.72,27145.7224,2207388.0
2014-11-04,64.89,27217.0261,2210752.0
2014-11-05,65.74,27573.5444,2520754.0
2014-11-06,66.13,27737.1234,2538877.0
2014-11-07,66.25,27787.4554,2125013.0
2014-11-10,66.76,28001.3663,2025269.0
2014-11-11,66.63,27946.84,2059172.0
2014-11-12,67.17,28173.334,1991222.0
2014-11-13,66.92,28068.4757,1962911.0
2014-11-14,66.58,27925.8684,1559627.0
2014-11-17,66.66,27959.423,1172090.0
2014-11-18,66.79,28013.9493,1802563.0
2014-11-19,67.37,28257.2207,1877550.0
2014-11-20,67.29,28223.666,1635512.0
2014-11-21,67.4,28269.8036,2686516.0
2014-11-24,67.92,28487.909,1592459.0
2014-11-25,67.58,28345.3016,1593362.0
2014-11-26,67.52,28320.1356,1494481.0
2014-11-28,68.15,28584.3786,1097138.0
2014-12-01,67.61,28357.8846,1925339.0
2014-12-02,68.11,28567.6013,1902941.0
2014-12-03,68.07,28550.824,2425507.0
2014-12-04,68.39,28685.0426,2551397.0
2014-12-05,68.68,28806.6783,2185027.0
2014-12-08,69.14,28999.6176,2551560.0
2014-12-09,68.83,28869.5933,2349567.0
2014-12-10,68.55,28752.1519,3031733.0
2014-12-11,69.06,28966.0629,3088811.0
2014-12-12,67.42,28278.1923,2952338.0
2014-12-15,67.37,28257.2207,2793835.0
2014-12-16,67.21,28190.1113,2495184.0
2014-12-17,68.22,28613.7389,2743817.0
2014-12-18,69.79,29272.2492,2979948.0
2014-12-19,69.89,29314.1925,4939955.0
2014-12-22,70.44,29544.8808,1937432.0
2014-12-23,70.75,29674.9052,1478971.0
2014-12-24,70.69,29649.7392,567802.0
2014-12-26,70.93,29750.4032,909628.0
2014-12-29,71.0,29779.7635,1186164.0
2014-12-30,70.94,29754.5975,1095125.0
2014-12-31,70.25,29465.1885,1319986.0
2015-01-02,70.12,29410.6622,1766894.0
2015-01-05,68.73,28827.6499,2905053.0
2015-01-06,68.68,28806.6783,2626848.0
2015-01-07,69.81,29280.6379,2090185.0
2015-01-08,71.15,29842.6785,2967847.0
2015-01-09,70.42,29536.4922,2100799.0
2015-01-12,69.7,29234.5002,1513094.0
2015-01-13,70.12,29410.6622,2241008.0
2015-01-14,69.43,29121.2532,2692614.0
2015-01-15,69.23,29037.3666,2058231.0
2015-01-16,70.84,29712.6542,2182835.0
2015-01-20,70.36,29511.3262,2113660.0
2015-01-21,70.3,29486.1602,2006845.0
2015-01-22,71.95,30178.2251,2523003.0
2015-01-23,71.43,29960.1198,1746693.0
2015-01-26,71.73,30085.9498,1663495.0
2015-01-27,71.44,29964.3141,1526166.0
2015-01-28,70.32,29494.5489,2539168.0
2015-01-29,71.05,29800.7352,2854998.0
2015-01-30,69.79,29272.2492,2486684.0
2015-02-02,70.91,29742.0145,3005612.0
2015-02-03,72.03,30211.7798,2988068.0
2015-02-04,72.58,30442.4681,3677435.0
2015-02-05,72.3,30325.0268,4825039.0
2015-02-06,70.93,29750.4032,4198115.0
2015-02-09,70.03,29372.9132,3555235.0
2015-02-10,70.05,29381.3019,3063724.0
2015-02-11,71.18,29855.2615,3840135.0
2015-02-12,71.57,30018.8405,2063370.0
2015-02-13,71.46,29972.7028,2016872.0
2015-02-17,71.27,29893.0105,2027031.0
2015-02-18,70.71,29658.1278,2446242.0
2015-02-19,71.17,29637.0793,2001889.0
2015-02-20,71.6,29816.1427,2121043.0
2015-02-23,71.26,29674.5577,1814787.0
2015-02-24,71.67,29845.2926,1847960.0
2015-02-25,71.12,29616.258,2083824.0
2015-02-26,71.31,29695.379,1903381.0
2015-02-27,70.6,29399.7162,2199551.0
2015-03-02,70.98,29557.9583,1687790.0
2015-03-03,70.49,29353.9093,1910307.0
2015-03-04,69.5,28941.6469,2343967.0
2015-03-05,69.56,28966.6325,3138006.0
2015-03-06,69.14,28791.7334,2637651.0
2015-03-09,69.59,28979.1253,1855977.0
2015-03-10,68.39,28479.4134,2164937.0
2015-03-11,69.09,28770.912,2382467.0
2015-03-12,70.4,29316.4309,1635454.0
2015-03-13,69.56,28966.6325,1954999.0
2015-03-16,70.49,29353.9093,2061718.0
2015-03-17,69.98,29141.5317,3156713.0
2015-03-18,70.62,29408.0447,2683198.0
2015-03-19,70.6,29399.7162,2623199.0
2015-03-20,71.46,29757.843,4189883.0
2015-03-23,71.89,29936.9065,2478874.0
2015-03-24,71.34,29707.8718,2522270.0
2015-03-25,70.55,29378.8948,2055024.0
2015-03-26,70.2,29233.1455,1933879.0
2015-03-27,70.05,29170.6816,1734138.0
2015-03-30,70.95,29545.4655,2331667.0
2015-03-31,71.17,29637.0793,3560710.0
2015-04-01,71.29,29687.0505,3369665.0
2015-04-02,71.45,29753.6788,1971936.0
2015-04-06,72.12,29488.3423,2408650.0
2015-04-07,71.47,29222.5711,1310821.0
2015-04-08,71.58,29267.5477,2109001.0
2015-04-09,71.9,29398.389,1828325.0
2015-04-10,72.03,29451.5432,1475145.0
2015-04-13,71.98,29431.0993,1465846.0
2015-04-14,71.5,29234.8374,2263205.0
2015-04-15,71.94,29414.7441,1810251.0
2015-04-16,72.04,29455.632,1490136.0
2015-04-17,70.87,28977.2438,3084269.0
2015-04-20,71.35,29173.5056,1571170.0
2015-04-21,70.82,28956.7998,1566501.0
2015-04-22,70.88,28981.3325,1719445.0
2015-04-23,70.81,28952.711,1917036.0
2015-04-24,70.95,29009.9541,1592418.0
2015-04-27,70.31,28748.2716,2185545.0
2015-04-28,70.69,28903.6456,1745992.0
2015-04-29,70.25,28723.7389,2132439.0
2015-04-30,69.66,28482.5004,3440781.0
2015-05-01,69.95,28601.0752,2423249.0
2015-05-04,69.82,28547.921,4123396.0
2015-05-05,70.0,28630.9079,2513109.0
2015-05-06,67.31,27530.663,9737595.0
2015-05-07,67.72,27698.3583,4320193.0
2015-05-08,67.27,27514.3025,3632591.0
2015-05-11,66.87,27350.6973,3425311.0
2015-05-12,66.91,27367.0578,2510479.0
2015-05-13,66.99,27399.7789,2458257.0
2015-05-14,67.64,27665.6373,2061778.0
2015-05-15,67.6,27649.2768,1683638.0
2015-05-18,68.09,27849.6931,1444040.0
2015-05-19,68.75,28119.6417,2560709.0
2015-05-20,68.73,28111.4614,2607405.0
2015-05-21,68.1,27853.7833,2538855.0
2015-05-22,67.6,27649.2768,1807691.0
2015-05-26,67.38,27559.2939,2563727.0
2015-05-27,67.61,27653.3669,2056981.0
2015-05-28,67.8,27731.0794,2044246.0
2015-05-29,67.32,27534.7531,1990220.0
2015-06-01,66.92,27371.148,2633289.0
2015-06-02,67.13,27457.0407,2332775.0
2015-06-03,67.72,27698.3583,1774038.0
2015-06-04,67.05,27424.3196,2392353.0
2015-06-05,66.48,27191.1822,1851253.0
2015-06-08,65.82,26921.2337,1990938.0
2015-06-09,65.71,26876.2423,2205875.0
2015-06-10,66.91,27367.0578,2419975.0
2015-06-11,67.49,27604.2853,2069636.0
2015-06-12,67.37,27555.2038,1819832.0
2015-06-15,66.67,27268.8947,1940443.0
2015-06-16,67.33,27538.8433,1690135.0
2015-06-17,67.18,27477.4913,1511218.0
2015-06-18,68.35,27956.0365,2905857.0
2015-06-19,66.45,27178.9119,5049064.0
2015-06-22,66.28,27109.3796,4124685.0
2015-06-23,66.36,27142.1007,2484211.0
2015-06-24,65.95,26974.4054,2683707.0
2015-06-25,65.03,26598.1134,3805781.0
2015-06-26,65.83,26925.3238,3079265.0
2015-06-29,64.68,26454.9589,2718301.0
2015-06-30,64.87,26532.6714,3121241.0
2015-07-01,65.49,26786.2594,4657672.0
2015-07-02,64.99,26581.7529,2818082.0
2015-07-06,64.81,26508.1306,2782900.0
2015-07-07,65.74,26888.5126,2943920.0
2015-07-08,64.92,26553.122,2631898.0
2015-07-09,65.41,26753.5384,2358893.0
2015-07-10,66.19,27072.5685,2231371.0
2015-07-13,67.25,27506.1222,2421425.0
2015-07-14,67.59,27645.1866,2257163.0
2015-07-15,68.06,27837.4227,2424190.0
2015-07-16,67.98,27804.7017,1978416.0
2015-07-17,67.59,27645.1866,2628511.0
2015-07-20,67.71,27694.2682,2345586.0
2015-07-21,67.7,27690.1781,1963308.0
2015-07-22,68.37,27964.2168,2525034.0
2015-07-23,68.36,27960.1266,2112818.0
2015-07-24,68.32,27943.7661,1855753.0
2015-07-27,68.4,27976.4871,2622922.0
2015-07-28,68.58,28050.1095,1855491.0
2015-07-29,69.04,28238.2554,2191593.0
2015-07-30,69.16,28287.337,1371927.0
2015-07-31,68.95,28201.4443,1643661.0
2015-08-03,69.38,27779.0507,2101115.0
2015-08-04,62.34,24960.3059,13214958.0
2015-08-05,62.5,25024.3683,6668694.0
2015-08-06,61.97,24812.1616,3843591.0
2015-08-07,62.54,25040.3839,3561040.0
2015-08-10,63.1,25264.6022,3748291.0
2015-08-11,63.47,25412.7465,2719474.0
2015-08-12,63.61,25468.8011,2958616.0
2015-08-13,63.49,25420.7543,2261465.0
2015-08-14,63.86,25568.8985,2221561.0
2015-08-17,63.85,25564.8946,2068118.0
2015-08-18,63.57,25452.7855,2504008.0
2015-08-19,63.66,25488.8206,2990402.0
2015-08-20,62.7,25104.4463,2536518.0
2015-08-21,61.25,24523.8809,3651476.0
2015-08-24,58.39,23378.7658,4384998.0
2015-08-25,56.99,22818.22,4644295.0
2015-08-26,57.4,22982.3798,7043372.0
2015-08-27,58.74,23518.9023,4787091.0
2015-08-28,58.63,23474.8594,2990609.0
2015-08-31,58.28,23334.7229,2829062.0
2015-09-01,57.14,22878.2785,3470757.0
2015-09-02,57.93,23194.5865,2777911.0
2015-09-03,57.98,23214.606,2177239.0
2015-09-04,57.04,22838.2395,2341888.0
2015-09-08,58.2,23302.6917,2231560.0
2015-09-09,57.35,22962.3603,2561895.0
2015-09-10,57.67,23090.4851,2597466.0
2015-09-11,58.14,23278.6684,2727660.0
2015-09-14,58.24,23318.7073,2100276.0
2015-09-15,58.98,23614.9959,3461735.0
2015-09-16,59.2,23703.0816,3590130.0
2015-09-17,58.99,23618.9998,4738366.0
2015-09-18,57.57,23050.4461,5226672.0
2015-09-21,58.56,23446.8321,2514377.0
2015-09-22,58.1,23262.6528,2413483.0
2015-09-23,58.51,23426.8126,2412624.0
2015-09-24,58.59,23458.8438,2582471.0
2015-09-25,58.99,23618.9998,3897129.0
2015-09-28,57.74,23118.5124,3577395.0
2015-09-29,58.36,23366.7541,3909619.0
2015-09-30,58.24,23318.7073,3897984.0
2015-10-01,57.97,23210.6021,3856241.0
2015-10-02,59.15,23683.0621,3170661.0
2015-10-05,59.9,23983.3546,2173978.0
2015-10-06,59.88,23975.3468,2154792.0
2015-10-07,60.04,24039.4092,2422937.0
2015-10-08,61.12,24471.8302,2474983.0
2015-10-09,60.44,24199.5651,2438182.0
2015-10-12,60.91,24387.7484,1401807.0
2015-10-13,60.64,24279.6431,1649807.0
2015-10-14,59.86,23967.339,2427049.0
2015-10-15,61.59,24660.0135,2906940.0
2015-10-16,61.2,24503.8614,3285033.0
2015-10-19,61.59,24660.0135,2427221.0
2015-10-20,61.44,24599.955,3255867.0
2015-10-21,60.65,24283.647,4371513.0
2015-10-22,61.55,24643.9979,2836249.0
2015-10-23,61.68,24696.0486,3194437.0
2015-10-26,61.82,24752.1032,2260592.0
2015-10-27,60.29,24139.5066,4572738.0
2015-10-28,62.31,24948.2942,3851177.0
2015-10-29,62.79,25140.4814,2700979.0
2015-10-30,61.88,24776.1266,3913475.0
2015-11-02,61.8,23935.5221,5335867.0
2015-11-03,63.16,24462.2585,6269132.0
2015-11-04,62.89,24357.6858,3658174.0
2015-11-05,63.55,24613.3079,3230957.0
2015-11-06,64.07,24814.7071,3067585.0
2015-11-09,63.52,24601.6887,2453975.0
2015-11-10,63.32,24524.2275,1813049.0
2015-11-11,63.12,24446.7663,1452379.0
2015-11-12,62.55,24226.0017,3045885.0
2015-11-13,62.41,24171.7789,2312069.0
2015-11-16,63.12,24446.7663,2566861.0
2015-11-17,62.71,24287.9707,2153557.0
2015-11-18,63.5,24593.9426,2085924.0
2015-11-19,63.37,24543.5928,1660357.0
2015-11-20,63.34,24531.9736,3078548.0
2015-11-23,63.11,24442.8932,2201012.0
2015-11-24,62.94,24377.0511,1621887.0
2015-11-25,62.43,24179.525,1746089.0
2015-11-27,62.84,24338.3205,821492.0
2015-11-30,62.76,24307.336,3012472.0
2015-12-01,63.5,24593.9426,3411325.0
2015-12-02,62.89,24357.6858,2680912.0
2015-12-03,62.77,24311.2091,3197882.0
2015-12-04,64.49,24977.3757,2647478.0
2015-12-07,64.39,24938.6451,2675481.0
2015-12-08,63.86,24733.3728,2433634.0
2015-12-09,62.9,24361.5589,2561153.0
2015-12-10,62.48,24198.8903,2417128.0
2015-12-11,61.47,23807.7111,2120675.0
2015-12-14,61.39,23776.7266,2356276.0
2015-12-15,62.7,24284.0977,3020379.0
2015-12-16,63.38,24547.4659,2177707.0
2015-12-17,62.37,24156.2866,2161643.0
2015-12-18,61.33,23753.4882,6688839.0
2015-12-21,61.3,23741.869,3117421.0
2015-12-22,62.5,24206.6364,2203323.0
2015-12-23,62.89,24357.6858,1916301.0
2015-12-24,63.14,24454.5124,1298653.0
2015-12-28,62.64,24260.8593,1833335.0
2015-12-29,63.19,24473.8777,1496014.0
2015-12-30,62.81,24326.7013,1522983.0
2015-12-31,62.09,24047.8409,1573616.0
2016-01-04,60.67,23497.8661,3339170.0
2016-01-05,60.53,23443.6432,2808796.0
2016-01-06,59.85,23180.275,2868372.0
2016-01-07,58.44,22634.1733,3982556.0
2016-01-08,58.23,22552.839,2883975.0
2016-01-11,58.02,22471.5047,3037291.0
2016-01-12,58.65,22715.5076,2957902.0
2016-01-13,57.91,22428.901,4225569.0
2016-01-14,58.42,22626.4272,3193336.0
2016-01-15,58.13,22514.1084,5060193.0
2016-01-19,58.44,22634.1733,3082941.0
2016-01-20,57.99,22459.8855,4685457.0
2016-01-21,58.15,22521.8545,3858001.0
2016-01-22,58.53,22669.0309,2699576.0
2016-01-25,57.7,22347.5668,3852370.0
2016-01-26,58.18,22533.4737,2185096.0
2016-01-27,58.41,22622.5541,2891332.0
2016-01-28,59.22,22936.2721,3191031.0
2016-01-29,60.6,23470.7547,3799209.0
2016-02-01,60.53,23443.6432,2667519.0
2016-02-02,59.97,23226.7518,2540885.0
2016-02-03,59.64,23098.9407,4765228.0
2016-02-04,62.05,24032.3486,5519955.0
2016-02-05,63.37,24543.5928,4617492.0
2016-02-08,63.33,24528.1006,3008508.0
2016-02-09,63.01,24404.1626,3743744.0
2016-02-10,62.98,24392.5434,2987480.0
2016-02-11,62.32,24136.9213,3020007.0
2016-02-12,63.91,24752.7381,3615267.0
2016-02-16,64.57,25008.3602,3502476.0
2016-02-17,65.02,25182.648,3342656.0
2016-02-18,64.3,24903.7876,4086419.0
2016-02-19,64.0,24211.2266,4300104.0
2016-02-22,64.44,24377.6787,2513674.0
2016-02-23,63.73,24109.0855,1973511.0
2016-02-24,63.95,24192.3115,2366705.0
2016-02-25,64.41,24366.3297,1936092.0
2016-02-26,64.32,24332.2827,2391399.0
2016-02-29,63.46,24006.9443,2285122.0
2016-03-01,64.81,24517.6499,2167703.0
2016-03-02,65.41,24744.6301,2215904.0
2016-03-03,65.31,24706.8001,1985356.0
2016-03-04,65.38,24733.2811,1629377.0
2016-03-07,65.03,24600.876,1609161.0
2016-03-08,64.58,24430.6408,1797147.0
2016-03-09,64.53,24411.7258,1496694.0
2016-03-10,64.26,24309.5847,3071393.0
2016-03-11,65.52,24786.2432,2235342.0
2016-03-14,64.95,24570.612,1744665.0
2016-03-15,65.92,24937.5634,2368178.0
2016-03-16,66.28,25073.7515,2162969.0
2016-03-17,67.2,25421.7879,2338034.0
2016-03-18,67.23,25433.1369,3777239.0
2016-03-21,66.84,25285.5997,1258002.0
2016-03-22,66.92,25315.8638,1551519.0
2016-03-23,66.66,25217.5057,2080461.0
2016-03-24,66.19,25039.7045,1396720.0
2016-03-28,66.82,25278.0337,1730218.0
2016-03-29,67.16,25406.6559,2484247.0
2016-03-30,67.72,25618.5041,1803014.0
2016-03-31,67.37,25486.099,1692598.0
2016-04-01,68.23,25811.4373,1479085.0
2016-04-04,67.64,25588.2401,1323252.0
2016-04-05,66.7,25232.6377,1712072.0
2016-04-06,67.03,25357.4768,1624452.0
2016-04-07,66.28,25073.7515,1603477.0
2016-04-08,66.84,25285.5997,1695175.0
2016-04-11,66.79,25079.1579,1683366.0
2016-04-12,67.21,25236.8648,1571298.0
2016-04-13,67.53,25357.0225,1687623.0
2016-04-14,66.67,25034.0987,2457493.0
2016-04-15,66.6,25007.8142,2779150.0
2016-04-18,67.3,25270.6591,1968905.0
2016-04-19,67.53,25357.0225,1471943.0
2016-04-20,66.92,25127.9719,1446155.0
2016-04-21,65.45,24575.9976,3295891.0
2016-04-22,65.74,24684.8905,1743298.0
2016-04-25,65.61,24636.0765,1528953.0
2016-04-26,65.87,24733.7046,1775711.0
2016-04-27,65.51,24598.5272,1540138.0
2016-04-28,64.95,24388.2513,1482820.0
2016-04-29,65.05,24425.8005,2180409.0
2016-05-02,65.36,24542.2033,2004543.0
2016-05-03,65.41,24560.9779,1865875.0
2016-05-04,65.28,24438.694,2936089.0
2016-05-05,67.87,25408.3052,4521612.0
2016-05-06,67.1,25120.0424,2213634.0
2016-05-09,67.21,25161.2228,1836056.0
2016-05-10,67.98,25449.4856,2249067.0
2016-05-11,67.35,25213.6342,2056691.0
2016-05-12,67.54,25284.764,2517338.0
2016-05-13,67.38,25224.8652,1736059.0
2016-05-16,67.55,25288.5076,2019819.0
2016-05-17,67.1,25120.0424,2015370.0
2016-05-18,67.36,25217.3779,2444536.0
2016-05-19,66.84,25022.7069,2160702.0
2016-05-20,67.15,25138.7607,1889053.0
2016-05-23,66.88,25037.6816,1331319.0
2016-05-24,67.44,25247.3272,1840182.0
2016-05-25,67.28,25187.4285,1715625.0
2016-05-26,67.51,25273.5329,1229784.0
2016-05-27,67.68,25337.1754,839925.0
2016-05-31,67.51,25273.5329,3554417.0
2016-06-01,67.44,25247.3272,1498493.0
2016-06-02,67.44,25247.3272,1153054.0
2016-06-03,67.43,25243.5836,1625737.0
2016-06-06,67.62,25314.7133,1959601.0
2016-06-07,67.43,25243.5836,1484744.0
2016-06-08,67.68,25337.1754,1645524.0
2016-06-09,67.79,25378.3558,1456741.0
2016-06-10,67.46,25254.8146,1636568.0
2016-06-13,66.88,25037.6816,1761425.0
2016-06-14,66.69,24966.5518,1465321.0
2016-06-15,65.87,24659.5707,1991019.0
2016-06-16,66.47,24884.191,1565173.0
2016-06-17,66.42,24865.4726,1858851.0
2016-06-20,66.57,24921.6277,1120182.0
2016-06-21,66.8,25007.7322,1306211.0
2016-06-22,67.02,25090.093,1153738.0
2016-06-23,67.86,25404.5615,2030630.0
2016-06-24,66.26,24805.5739,3908808.0
2016-06-27,66.06,24730.7004,3106576.0
2016-06-28,67.73,25355.8937,3001505.0
2016-06-29,68.47,25632.9255,3098337.0
2016-06-30,69.95,26186.989,2637984.0
2016-07-01,69.56,26040.9858,1971627.0
2016-07-05,69.31,25947.394,2234850.0
2016-07-06,69.46,26003.5491,2210319.0
2016-07-07,68.94,25808.8781,1928906.0
2016-07-08,69.66,26078.4225,1675561.0
2016-07-11,69.94,26183.2454,1698173.0
2016-07-12,69.6,26055.9605,2316878.0
2016-07-13,69.28,25936.163,2002685.0
2016-07-14,69.31,25947.394,1454451.0
2016-07-15,69.49,26014.7801,1489993.0
2016-07-18,69.35,25962.3687,1280424.0
2016-07-19,69.12,25876.2642,869390.0
2016-07-20,69.1,25868.7769,865966.0
2016-07-21,68.89,25790.1598,1072127.0
2016-07-22,69.2,25906.2136,1185569.0
2016-07-25,69.22,25913.7009,1011698.0
2016-07-26,69.04,25846.3148,905738.0
2016-07-27,68.86,25778.9287,1322126.0
2016-07-28,69.17,25894.9826,903647.0
2016-07-29,68.33,25580.5141,2614574.0
2016-08-01,68.39,25602.9761,1728884.0
2016-08-02,68.11,25498.1533,1344354.0
2016-08-03,68.63,25493.362,2032739.0
2016-08-04,68.62,25489.6474,2149815.0
2016-08-05,68.84,25571.3688,1620169.0
2016-08-08,69.17,25693.9509,2194491.0
2016-08-09,69.37,25768.2431,1053054.0
2016-08-10,69.42,25786.8162,941826.0
2016-08-11,69.11,25671.6633,1796681.0
2016-08-12,69.13,25679.0925,903080.0
2016-08-15,69.39,25775.6723,1537651.0
2016-08-16,68.95,25612.2295,1436756.0
2016-08-17,69.12,25675.3779,2091658.0
2016-08-18,69.44,25794.2454,1657033.0
2016-08-19,69.17,25693.9509,1269417.0
2016-08-22,68.87,25582.5127,1171355.0
2016-08-23,68.36,25393.0676,1716246.0
2016-08-24,68.26,25355.9215,1004507.0
2016-08-25,68.54,25459.9306,1145126.0
2016-08-26,68.32,25378.2092,1427686.0
2016-08-29,68.74,25534.2227,1646995.0
2016-08-30,69.17,25693.9509,1439360.0
2016-08-31,68.96,25615.9441,2133039.0
2016-09-01,68.66,25504.5059,1699016.0
2016-09-02,68.95,25612.2295,1507288.0
2016-09-06,69.31,25745.9555,1808968.0
2016-09-07,69.44,25794.2454,1628030.0
2016-09-08,69.22,25712.524,1382500.0
2016-09-09,67.96,25244.4832,1816211.0
2016-09-12,68.48,25437.6429,1956563.0
2016-09-13,67.92,25229.6248,1924588.0
2016-09-14,67.39,25032.7505,1717844.0
2016-09-15,67.82,25192.4787,1761550.0
2016-09-16,67.41,25040.1797,2314236.0
2016-09-19,67.46,25058.7528,1139502.0
2016-09-20,67.87,25211.0518,1423391.0
2016-09-21,68.66,25504.5059,1393505.0
2016-09-22,68.94,25608.5149,1407253.0
2016-09-23,68.49,25441.3575,1297205.0
2016-09-26,68.39,25404.2114,1861044.0
2016-09-27,68.98,25623.3734,1747874.0
2016-09-28,69.1,25667.9487,1506424.0
2016-09-29,68.64,25497.0767,2317866.0
2016-09-30,69.18,25697.6655,2867210.0
2016-10-03,68.4,25407.926,2295207.0
2016-10-04,67.84,25199.9079,3655309.0
2016-10-05,67.81,25188.7641,1751604.0
2016-10-06,67.77,25173.9057,2587437.0
2016-10-07,68.43,25419.0699,2319456.0
2016-10-10,68.49,25441.3575,1172189.0
2016-10-11,68.2,25333.6339,1723922.0
2016-10-12,69.04,25645.661,1712452.0
2016-10-13,69.09,25664.2341,1899482.0
2016-10-14,69.33,25753.3847,2324272.0
2016-10-17,69.34,25757.0993,1188199.0
2016-10-18,69.29,25738.5262,1301182.0
2016-10-19,69.43,25790.5308,1528601.0
2016-10-20,68.23,25344.7777,2370364.0
2016-10-21,67.55,25092.1843,2279190.0
2016-10-24,67.72,25155.3326,967104.0
2016-10-25,67.61,25114.4719,1114083.0
2016-10-26,67.94,25237.054,1437489.0
2016-10-27,67.59,25107.0427,1366587.0
2016-10-28,67.53,25084.755,2435182.0
2016-10-31,67.9,25222.1956,2271061.0
2016-11-01,67.21,24965.8876,2763669.0
2016-11-02,67.34,24797.7433,2867888.0
2016-11-03,68.09,25073.9285,4516225.0
2016-11-04,66.72,24569.4303,2981064.0
2016-11-07,66.86,24620.9848,3430605.0
2016-11-08,67.58,24886.1226,2373874.0
2016-11-09,68.17,25103.3882,3230790.0
2016-11-10,69.45,25574.7442,3288211.0
2016-11-11,69.64,25644.7111,2270021.0
2016-11-14,70.69,26031.3703,2673097.0
2016-11-15,71.3,26256.0009,3334432.0
2016-11-16,70.72,26042.4177,2453653.0
2016-11-17,71.78,26432.7594,2792260.0
2016-11-18,72.02,26521.1386,2998304.0
2016-11-21,72.18,26580.0581,2651383.0
2016-11-22,72.37,26650.025,3863768.0
2016-11-23,72.4,26661.0724,1853036.0
2016-11-25,72.38,26653.7075,1971159.0
2016-11-28,72.04,26528.5036,2040767.0
2016-11-29,69.63,25641.0286,6665418.0
2016-11-30,69.92,25747.8202,5911949.0
2016-12-01,70.35,25906.1664,2329237.0
2016-12-02,70.61,26001.9106,1903344.0
2016-12-05,70.36,25909.8488,2771621.0
2016-12-06,70.95,26127.1145,2285597.0
2016-12-07,71.65,26384.8873,1827425.0
2016-12-08,71.67,26392.2522,1986110.0
2016-12-09,72.47,26686.8497,2169349.0
2016-12-12,72.82,26815.7361,1982125.0
2016-12-13,72.93,26856.2433,2613321.0
2016-12-14,72.61,26738.4043,2194958.0
2016-12-15,73.54,27080.8738,2080150.0
2016-12-16,74.11,27290.7745,3313439.0
2016-12-19,74.37,27386.5187,1876894.0
2016-12-20,74.48,27427.0259,1669203.0
2016-12-21,74.44,27412.296,1062455.0
2016-12-22,74.48,27427.0259,1716640.0
2016-12-23,74.58,27463.8506,1088002.0
2016-12-27,74.51,27438.0733,1217974.0
2016-12-28,74.35,27379.1538,1624687.0
2016-12-29,74.28,27353.3765,1190076.0
2016-12-30,74.12,27294.457,1709628.0
2017-01-03,74.17,27312.8694,2020076.0
2017-01-04,74.37,27386.5187,1948384.0
2017-01-05,74.03,27261.3148,1741760.0
2017-01-06,74.15,27305.5044,1614752.0
2017-01-09,73.09,26915.1628,1802222.0
2017-01-10,73.75,27158.2057,2350036.0
2017-01-11,73.94,27228.1726,1738517.0
2017-01-12,73.68,27132.4284,1110509.0
2017-01-13,73.89,27209.7602,1220163.0
2017-01-17,73.85,27195.0304,1180686.0
2017-01-18,74.52,27441.7558,1795756.0
2017-01-19,74.22,27331.2817,1282140.0
2017-01-20,74.54,27449.1207,1528423.0
2017-01-23,74.15,27305.5044,1232721.0
2017-01-24,74.47,27423.3434,1075494.0
2017-01-25,75.39,27762.1305,1769074.0
2017-01-26,75.81,27916.7942,1575041.0
2017-01-27,75.59,27835.7799,1275469.0
2017-01-30,75.61,27843.1448,1748051.0
2017-01-31,75.21,27695.8461,2041900.0
2017-02-01,75.24,27706.8935,2411685.0
2017-02-02,77.4,28328.4,3883196.0
2017-02-03,77.48,28357.68,2110276.0
2017-02-06,78.08,28577.28,2348314.0
2017-02-07,78.12,28591.92,1764922.0
2017-02-08,77.99,28544.34,1496627.0
2017-02-09,78.35,28676.1,1912658.0
2017-02-10,78.88,28870.08,1637416.0
2017-02-13,79.61,29137.26,1427476.0
2017-02-14,79.8,29206.8,1798022.0
2017-02-15,80.71,29539.86,1820244.0
2017-02-16,80.8,29572.8,1779026.0
2017-02-17,80.44,29370.9839,1920323.0
2017-02-21,80.62,29436.7072,2436741.0
2017-02-22,80.58,29422.102,2438546.0
2017-02-23,80.55,29411.1481,3190404.0
2017-02-24,80.91,29542.5946,1973346.0
2017-02-27,81.34,29699.6001,2103201.0
2017-02-28,82.16,29999.006,2550521.0
2017-03-01,82.69,30192.5244,2721311.0
2017-03-02,81.75,29849.3031,2628209.0
2017-03-03,81.86,29889.4673,2331472.0
2017-03-06,81.34,29699.6001,1657033.0
2017-03-07,81.46,29743.4156,1621840.0
2017-03-08,81.13,29622.923,1661357.0
2017-03-09,81.57,29783.5798,1708769.0
2017-03-10,82.05,29958.8418,1560630.0
2017-03-13,82.1,29977.0982,1256704.0
2017-03-14,82.18,30006.3086,1437146.0
2017-03-15,82.62,30166.9654,1418824.0
2017-03-16,82.89,30265.5502,1783589.0
2017-03-17,82.85,30250.9451,2316274.0
2017-03-20,82.37,30075.6831,1324987.0
2017-03-21,81.69,29827.3953,2179342.0
2017-03-22,81.38,29714.2053,1669775.0
2017-03-23,81.26,29670.3898,1480674.0
2017-03-24,80.99,29571.8049,1368886.0
2017-03-27,81.09,29608.3179,1428165.0
2017-03-28,81.89,29900.4211,1219009.0
2017-03-29,81.39,29717.8566,1019259.0
2017-03-30,81.64,29809.1389,1159316.0
2017-03-31,81.49,29754.3695,1548126.0
2017-04-03,81.32,29692.2975,1790111.0
2017-04-04,81.63,29805.4876,1672300.0
2017-04-05,81.42,29728.8105,1575151.0
2017-04-06,81.44,29736.113,1614200.0
2017-04-07,81.11,29615.6204,1228719.0
2017-04-10,81.36,29706.9027,1261724.0
2017-04-11,81.17,29637.5282,1561140.0
2017-04-12,80.97,29570.5341,2063791.0
2017-04-13,80.58,29428.1047,1241344.0
2017-04-17,81.5,29764.092,1646643.0
2017-04-18,80.31,29329.4997,2486670.0
2017-04-19,79.75,29124.9857,2283260.0
2017-04-20,80.15,29271.0672,2155766.0
2017-04-21,79.73,29117.6817,1778826.0
2017-04-24,80.9,29544.9698,1917923.0
2017-04-25,81.22,29661.835,1697199.0
2017-04-26,81.8,29873.6531,2880701.0
2017-04-27,81.98,29939.3897,1163259.0
2017-04-28,81.29,29687.3992,1058608.0
2017-05-01,81.5,29764.092,1341934.0
2017-05-02,81.83,29828.5134,1951680.0
2017-05-03,84.93,30958.5194,4022921.0
2017-05-04,85.57,31191.8109,2987655.0
2017-05-05,85.45,31148.0688,1647487.0
2017-05-08,84.77,30900.1965,1959042.0
2017-05-09,84.17,30681.4856,1798270.0
2017-05-10,84.29,30725.2278,1710886.0
2017-05-11,83.91,30586.711,2954662.0
2017-05-12,84.13,30666.9049,1851298.0
2017-05-15,84.53,30812.7122,1234038.0
2017-05-16,84.33,30739.8085,1559743.0
2017-05-17,84.36,30750.7441,2254892.0
2017-05-18,84.72,30881.9706,2173892.0
2017-05-19,84.13,30666.9049,2685817.0
2017-05-22,84.79,30907.4869,2085467.0
2017-05-23,85.4,31129.8429,1289182.0
2017-05-24,85.81,31279.2953,951549.0
2017-05-25,86.28,31450.6188,1689571.0
2017-05-26,86.5,31530.8127,1083530.0
2017-05-30,86.0,31348.5537,1134298.0
2017-05-31,86.34,31472.4899,2616503.0
2017-06-01,86.94,31691.2007,1717903.0
2017-06-02,86.67,31592.7808,1156199.0
2017-06-05,86.61,31570.9097,973859.0
2017-06-06,85.82,31282.9405,1243961.0
2017-06-07,85.87,31301.1664,1422542.0
2017-06-08,86.56,31552.6838,1669952.0
2017-06-09,87.37,31847.9435,1138999.0
2017-06-12,87.92,32048.4284,2473521.0
2017-06-13,87.97,32066.6543,2566885.0
2017-06-14,88.82,32376.4947,1502909.0
2017-06-15,89.79,32730.0772,2164143.0
2017-06-16,89.82,32741.0128,2684162.0
2017-06-19,89.41,32591.5604,3264333.0
2017-06-20,89.26,32536.8827,1153603.0
2017-06-21,89.24,32529.5923,1646443.0
2017-06-22,88.31,32190.5905,1751421.0
2017-06-23,88.08,32106.7513,3969885.0
2017-06-26,88.42,32230.6875,1781195.0
2017-06-27,88.17,32139.558,1831973.0
2017-06-28,88.58,32289.0104,1375234.0
2017-06-29,88.13,32124.9772,1648175.0
2017-06-30,88.44,32237.9778,1508020.0
2017-07-03,88.63,32307.2363,1007570.0
2017-07-05,88.81,32372.8495,1040865.0
2017-07-06,88.72,32340.0429,1450561.0
2017-07-07,89.19,32511.3664,1117258.0
2017-07-10,88.85,32387.4303,1445081.0
2017-07-11,87.94,32055.7188,1959242.0
2017-07-12,88.2,32150.4935,972288.0
2017-07-13,88.6,32296.3007,1271906.0
2017-07-14,89.05,32460.3339,1075637.0
2017-07-17,88.49,32256.2037,1440223.0
2017-07-18,88.88,32398.3658,2191125.0
2017-07-19,89.25,32533.2375,1208762.0
2017-07-20,89.22,32522.3019,1319566.0
2017-07-21,89.16,32500.4309,1897566.0
2017-07-24,89.77,32722.7869,1222579.0
2017-07-25,90.21,32883.1748,1258375.0
2017-07-26,89.4,32587.9152,1403868.0
2017-07-27,89.68,32689.9802,2050164.0
2017-07-28,90.5,32988.8851,1258429.0
2017-07-31,91.0,33171.1441,1229008.0
2017-08-01,91.0,32883.7205,2820652.0
2017-08-02,94.16,34025.6167,3392962.0
2017-08-03,93.93,33942.504,2053841.0
2017-08-04,94.22,34047.2983,1486353.0
2017-08-07,94.24,34054.5255,1667206.0
2017-08-08,94.21,34043.6847,1609649.0
2017-08-09,94.7,34220.7509,1548661.0
2017-08-10,94.16,34025.6167,1459073.0
2017-08-11,93.95,33949.7312,1111370.0
2017-08-14,94.42,34119.5702,1166563.0
2017-08-15,94.38,34105.1158,1458540.0
2017-08-16,94.38,34105.1158,2062253.0
2017-08-17,93.33,33725.6883,1989740.0
2017-08-18,92.92,33577.5309,2595339.0
2017-08-21,92.72,33505.259,2166878.0
2017-08-22,93.77,33884.6865,1653433.0
2017-08-23,93.18,33671.4844,1661698.0
2017-08-24,91.54,33078.8547,3161378.0
2017-08-25,92.02,33252.3073,2583119.0
2017-08-28,90.65,32757.2447,3103970.0
2017-08-29,90.82,32818.6758,1826476.0
2017-08-30,90.07,32547.6561,2437331.0
2017-08-31,90.5,32703.0407,2850286.0
2017-09-01,89.78,32442.8618,2514644.0
2017-09-05,86.49,31253.9889,4636871.0
2017-09-06,87.5,31618.962,4770547.0
2017-09-07,86.45,31239.5345,3146810.0
2017-09-08,89.61,32381.4307,4305343.0
2017-09-11,91.23,32966.8332,3580975.0
2017-09-12,91.87,33198.1033,2421513.0
2017-09-13,90.94,32862.0389,2006635.0
2017-09-14,90.5,32703.0407,1976046.0
2017-09-15,90.88,32840.3574,2915044.0
2017-09-18,90.48,32695.8135,1913990.0
2017-09-19,91.14,32934.3108,2478178.0
2017-09-20,91.38,33021.0371,1704756.0
2017-09-21,90.67,32764.4718,1450294.0
2017-09-22,90.53,32713.8815,1155245.0
2017-09-25,91.04,32898.1749,1311717.0
2017-09-26,90.73,32786.1534,1652646.0
2017-09-27,90.89,32843.971,1414448.0
2017-09-28,91.29,32988.5148,1123044.0
2017-09-29,91.91,33212.5577,1407730.0
2017-10-02,92.38,33382.3967,1416253.0
2017-10-03,92.1,33281.216,1554385.0
2017-10-04,92.86,33555.8493,1361149.0
2017-10-05,93.19,33675.098,1782029.0
2017-10-06,93.29,33711.2339,930648.0
2017-10-09,93.2,33678.7116,620319.0
2017-10-10,93.33,33725.6883,1716122.0
2017-10-11,93.09,33638.962,1289821.0
2017-10-12,92.54,33440.2142,1294566.0
2017-10-13,92.34,33367.9423,1655545.0
2017-10-16,92.46,33411.3055,1831378.0
2017-10-17,91.41,33031.8779,3196813.0
2017-10-18,91.25,32974.0604,1955289.0
2017-10-19,92.73,33508.8726,3192085.0
2017-10-20,92.97,33595.5989,2142005.0
2017-10-23,92.97,33595.5989,1518450.0
2017-10-24,93.64,33837.7098,1460028.0
2017-10-25,93.28,33707.6203,1392605.0
2017-10-26,93.96,33953.3448,1254343.0
2017-10-27,93.73,33870.2321,1215084.0
2017-10-30,94.07,33993.0944,1731606.0
2017-10-31,93.86,33917.2089,2507470.0
2017-11-01,94.25,34058.1391,1981028.0
2017-11-02,97.85,35226.0,3935302.0
2017-11-03,97.84,35222.4,3027137.0
2017-11-06,99.09,35672.4,1632467.0
2017-11-07,99.18,35704.8,1631537.0
2017-11-08,99.09,35672.4,1921056.0
2017-11-09,98.95,35622.0,1768780.0
2017-11-10,99.12,35683.2,1390199.0
2017-11-13,99.44,35798.4,1851414.0
2017-11-14,99.94,35978.4,2148336.0
2017-11-15,100.38,36136.8,2548888.0
2017-11-16,99.57,35845.2,2138877.0
2017-11-17,100.17,36061.2,2879997.0
2017-11-20,100.32,36115.2,1981361.0
2017-11-21,99.7,35892.0,1530203.0
2017-11-22,99.3,35748.0,900137.0
2017-11-24,99.08,35668.8,623413.0
2017-11-27,99.41,35787.6,1459582.0
2017-11-28,100.89,36320.4,1858601.0
2017-11-29,101.96,36705.6,2031693.0
2017-11-30,102.66,36957.6,3340825.0
2017-12-01,103.1,37116.0,2465635.0
2017-12-04,103.62,37303.2,2381010.0
2017-12-05,102.84,37022.4,2700121.0
2017-12-06,102.65,36954.0,1318457.0
2017-12-07,102.11,36759.6,1366004.0
2017-12-08,102.5,36900.0,1308779.0
2017-12-11,102.37,36853.2,1085980.0
2017-12-12,103.54,37274.4,1954073.0
2017-12-13,103.32,37195.2,2297621.0
2017-12-14,102.65,36954.0,1467842.0
2017-12-15,103.97,37429.2,4167796.0
2017-12-18,104.16,37497.6,2021968.0
2017-12-19,104.38,37576.8,2069235.0
2017-12-20,104.42,37591.2,1417665.0
2017-12-21,104.21,37515.6,1534245.0
2017-12-22,104.11,37479.6,783593.0
2017-12-26,104.34,37562.4,666992.0
2017-12-27,104.6,37656.0,776324.0
2017-12-28,104.91,37767.6,736136.0
2017-12-29,104.71,37695.6,947544.0
2018-01-02,101.92,36691.2,4788853.0
2018-01-03,101.98,36712.8,1993808.0
2018-01-04,100.8,36288.0,2017441.0
2018-01-05,101.87,36673.2,1587969.0
2018-01-08,101.39,36500.4,1434930.0
2018-01-09,100.94,36338.4,2223515.0
2018-01-10,100.43,36154.8,2480812.0
2018-01-11,100.78,36280.8,1571670.0
2018-01-12,102.11,36759.6,2404649.0
2018-01-16,102.13,36766.8,1860881.0
2018-01-17,103.94,37418.4,1765381.0
2018-01-18,104.0,37440.0,2909853.0
2018-01-19,103.7,37332.0,1548986.0
2018-01-22,104.43,37594.8,1358108.0
2018-01-23,101.25,36450.0,4676556.0
2018-01-24,99.87,35953.2,4988048.0
2018-01-25,100.73,36262.8,2466911.0
2018-01-26,100.53,36190.8,2777106.0
2018-01-29,98.04,35294.4,2215698.0
2018-01-30,98.45,35442.0,2100127.0
2018-01-31,98.77,35557.2,2146628.0
2018-02-01,98.72,35539.2,2422471.0
2018-02-02,97.94,35258.4,2300754.0
2018-02-05,95.02,34207.2,4883538.0
2018-02-06,96.6,34776.0,4312430.0
2018-02-07,96.87,34873.2,3174347.0
2018-02-08,90.06,31971.3,5282247.0
2018-02-09,90.89,32265.95,5770568.0
2018-02-12,90.73,32209.15,4116987.0
2018-02-13,92.13,32706.15,3503753.0
2018-02-14,95.03,33735.65,3111405.0
2018-02-15,94.52,33554.6,2807357.0
2018-02-16,95.04,33739.2,2565406.0
2018-02-20,93.65,33245.75,2190525.0
2018-02-21,93.41,33160.55,1831291.0
2018-02-22,92.8,32944.0,2469202.0
2018-02-23,94.37,33501.35,2174951.0
2018-02-26,95.75,33939.3626,1979773.0
2018-02-27,94.01,33322.6055,2693348.0
2018-02-28,92.26,32702.3038,3377734.0
2018-03-01,92.06,32631.4122,3582277.0
2018-03-02,91.61,32471.9061,1917187.0
2018-03-05,92.89,32925.6124,2958623.0
2018-03-06,93.43,33117.0198,1771505.0
2018-03-07,93.39,33102.8415,2382631.0
2018-03-08,94.33,33436.0321,2059553.0
2018-03-09,96.03,34038.6109,2874093.0
2018-03-12,94.85,33620.3503,2067529.0
2018-03-13,96.41,34173.3049,3349615.0
2018-03-14,96.41,34173.3049,2738516.0
2018-03-15,96.81,34315.0882,2473763.0
2018-03-16,97.53,34570.298,3425300.0
2018-03-19,96.78,34304.4544,2406472.0
2018-03-20,97.39,34520.6739,1441277.0
2018-03-21,96.84,34325.7219,1514372.0
2018-03-22,94.65,33549.4587,1999166.0
2018-03-23,92.25,32698.7593,2036548.0
2018-03-26,94.52,33503.3791,1771609.0
2018-03-27,93.39,33102.8415,1540361.0
2018-03-28,94.61,33410.5245,2173576.0
2018-03-29,94.8,33477.621,2449288.0
2018-04-02,93.7,33089.1676,2563368.0
2018-04-03,95.12,33590.6256,2028678.0
2018-04-04,96.53,34088.5523,1789269.0
2018-04-05,97.13,34300.4359,1853300.0
2018-04-06,95.9,33866.0744,2159690.0
2018-04-09,95.78,33823.6977,1450187.0
2018-04-10,97.12,34296.9045,1304881.0
2018-04-11,96.2,33972.0162,1739388.0
2018-04-12,96.75,34166.2429,1649759.0
2018-04-13,96.36,34028.5186,1685855.0
2018-04-16,97.53,34441.6917,1765742.0
2018-04-17,97.75,34519.3824,1810504.0
2018-04-18,97.79,34533.508,2160235.0
2018-04-19,97.98,34600.6045,2360844.0
2018-04-20,98.31,34717.1405,1542684.0
2018-04-23,98.61,34823.0823,1528419.0
2018-04-24,97.39,34392.2522,1952680.0
2018-04-25,97.49,34427.5662,2048804.0
2018-04-26,97.53,34441.6917,1110867.0
2018-04-27,98.19,34674.7638,1292793.0
2018-04-30,97.82,34544.1022,1519951.0
2018-05-01,98.2,34516.2026,1547201.0
2018-05-02,94.06,33061.0389,4938795.0
2018-05-03,94.05,33057.524,2695614.0
2018-05-04,94.52,33222.7237,1681825.0
2018-05-07,95.06,33412.5277,1729938.0
2018-05-08,95.71,33640.9954,2227467.0
2018-05-09,96.41,33887.0376,2360468.0
2018-05-10,96.1,33778.0761,1541693.0
2018-05-11,96.38,33876.493,1810230.0
2018-05-14,95.46,33553.1232,1987339.0
2018-05-15,95.86,33693.7188,1900272.0
2018-05-16,95.62,33609.3614,1482553.0
2018-05-17,95.0,33391.4384,2306880.0
2018-05-18,94.92,33363.3193,1854052.0
2018-05-21,95.61,33605.8466,1105502.0
2018-05-22,95.88,33700.7485,968672.0
2018-05-23,95.59,33598.8168,1448484.0
2018-05-24,95.52,33574.2126,1127848.0
2018-05-25,95.45,33549.6083,1313212.0
2018-05-29,94.24,33124.3069,2351149.0
2018-05-30,94.37,33170.0004,2107130.0
2018-05-31,93.48,32857.1754,1924745.0
2018-06-01,93.86,32990.7411,1821377.0
2018-06-04,94.25,33127.8218,1031414.0
2018-06-05,93.7,32934.5029,2179916.0
2018-06-06,93.01,32691.9756,4230242.0
2018-06-07,93.2,32758.7585,2140305.0
2018-06-08,93.71,32938.0178,1476816.0
2018-06-11,93.62,32906.3838,1290941.0
2018-06-12,93.5,32864.2051,2089365.0
2018-06-13,93.27,32783.3627,2174285.0
2018-06-14,92.8,32618.163,2131055.0
2018-06-15,93.81,32973.1667,4038537.0
2018-06-18,92.99,32684.9458,1946373.0
2018-06-19,93.48,32857.1754,1773628.0
2018-06-20,92.18,32400.2399,1464257.0
2018-06-21,92.23,32417.8143,2333405.0
2018-06-22,92.24,32421.3292,2587195.0
2018-06-25,91.63,32206.921,2576315.0
2018-06-26,92.22,32414.2994,2212757.0
2018-06-27,90.31,31742.9558,2750323.0
2018-06-28,91.35,32108.5042,1857553.0
2018-06-29,91.27,32080.3851,1724861.0
2018-07-02,91.67,32220.9806,1789505.0
2018-07-03,91.9,32301.823,836489.0
2018-07-05,91.94,32315.8826,1133762.0
2018-07-06,92.16,32393.2101,1559646.0
2018-07-09,93.6,32899.354,1391188.0
2018-07-10,93.36,32814.9967,1609899.0
2018-07-11,92.83,32628.7076,1500813.0
2018-07-12,92.9,32653.3118,1267875.0
2018-07-13,92.83,32628.7076,1190779.0
2018-07-16,93.46,32850.1456,1406225.0
2018-07-17,94.26,33131.3366,2285424.0
2018-07-18,95.76,33658.5699,2097593.0
2018-07-19,93.42,32836.086,2171456.0
2018-07-20,93.42,32836.086,1907415.0
2018-07-23,93.19,32755.2436,1641036.0
2018-07-24,93.23,32769.3032,1601418.0
2018-07-25,93.75,32952.0773,1488254.0
2018-07-26,94.76,33307.0811,1674436.0
2018-07-27,94.64,33264.9024,1005592.0
2018-07-30,94.59,33247.328,1434093.0
2018-07-31,95.12,33433.617,1813653.0
2018-08-01,94.65,32770.8924,1567840.0
2018-08-02,97.54,33771.5039,2730065.0
2018-08-03,98.05,33948.0824,2681297.0
2018-08-06,98.4,34069.2637,1956137.0
2018-08-07,98.77,34197.3697,2189088.0
2018-08-08,99.21,34349.7119,1734836.0
2018-08-09,99.48,34443.1947,2010501.0
2018-08-10,98.63,34148.8972,1227566.0
2018-08-13,98.16,33986.168,1658957.0
2018-08-14,98.38,34062.3391,2608466.0
2018-08-15,98.84,34221.606,1536676.0
2018-08-16,99.89,34585.1499,3000704.0
2018-08-17,100.02,34630.1601,1140147.0
2018-08-20,100.44,34775.5777,1150562.0
2018-08-21,101.44,35121.8101,2725267.0
2018-08-22,99.51,34453.5816,1325609.0
2018-08-23,99.15,34328.938,1607401.0
2018-08-24,99.53,34460.5063,1879035.0
2018-08-27,100.42,34768.6531,1243848.0
2018-08-28,100.38,34754.8038,1953187.0
2018-08-29,100.58,34824.0503,1592442.0
2018-08-30,100.03,34633.6225,1575961.0
2018-08-31,100.57,34820.5879,1480396.0
2018-09-04,100.95,34952.1562,2119578.0
2018-09-05,101.4,35107.9608,1915098.0
2018-09-06,101.1,35004.0911,1653331.0
2018-09-07,100.03,34633.6225,1575432.0
2018-09-10,97.85,33878.8359,2311568.0
2018-09-11,98.16,33986.168,1699308.0
2018-09-12,97.58,33785.3532,1559856.0
2018-09-13,99.05,34294.3148,1544279.0
2018-09-14,99.99,34619.7732,1345856.0
2018-09-17,100.33,34737.4922,2357599.0
2018-09-18,101.15,35021.4027,1393284.0
2018-09-19,101.7,35211.8305,2140733.0
2018-09-20,102.03,35326.0872,1159467.0
2018-09-21,101.82,35253.3784,2950333.0
2018-09-24,100.38,34754.8038,1070289.0
2018-09-25,99.8,34553.989,1525222.0
2018-09-26,98.85,34225.0683,1444952.0
2018-09-27,98.15,33982.7056,1617208.0
2018-09-28,98.7,34173.1334,1445740.0
2018-10-01,98.53,34114.2739,1658355.0
2018-10-02,98.85,34225.0683,1565153.0
2018-10-03,98.82,34214.6813,1141002.0
2018-10-04,99.44,34429.3454,1071379.0
2018-10-05,99.59,34481.2802,1373233.0
2018-10-08,100.09,34654.3964,1333892.0
2018-10-09,100.46,34782.5024,1240481.0
2018-10-10,96.87,33539.5282,2344798.0
2018-10-11,93.17,32258.4685,2045094.0
2018-10-12,93.16,32255.0062,1860387.0
2018-10-15,92.79,32126.9002,1667010.0
2018-10-16,95.14,32940.5463,3137541.0
2018-10-17,95.75,33151.748,1737904.0
2018-10-18,96.61,33449.5078,2424186.0
2018-10-19,97.32,33695.3328,2384456.0
2018-10-22,96.74,33494.518,1346662.0
2018-10-23,96.07,33262.5423,1652899.0
2018-10-24,92.09,31884.5376,2453902.0
2018-10-25,92.85,32147.6742,1855583.0
2018-10-26,92.33,31967.6333,2608330.0
2018-10-29,93.54,32386.5745,2056618.0
2018-10-30,95.49,33061.7276,2017720.0
2018-10-31,95.72,32970.0141,2124064.0
2018-11-01,89.97,30989.471,5007166.0
2018-11-02,89.55,30844.8053,2738242.0
2018-11-05,90.39,31134.1368,1742675.0
2018-11-06,91.03,31354.5798,1705691.0
2018-11-07,92.52,31867.7988,1715173.0
2018-11-08,93.7,32274.2407,2539209.0
2018-11-09,93.72,32281.1295,1640845.0
2018-11-12,91.56,31537.1342,1354304.0
2018-11-13,91.38,31475.1346,1360135.0
2018-11-14,88.64,30531.3628,2157482.0
2018-11-15,89.29,30755.2503,2029332.0
2018-11-16,89.5,30827.5832,1778586.0
2018-11-19,88.45,30465.9188,2100634.0
2018-11-20,88.09,30341.9196,1657967.0
2018-11-21,88.07,30335.0307,2262215.0
2018-11-23,87.73,30217.9203,567333.0
2018-11-26,88.42,30455.5855,1827874.0
2018-11-27,87.5,30138.6986,1349932.0
2018-11-28,89.16,30710.4728,1513843.0
2018-11-29,88.48,30476.252,1658350.0
2018-11-30,89.19,30720.8061,2667069.0
2018-12-03,88.76,30572.6959,2963794.0
2018-12-04,86.4,29759.8121,3162921.0
2018-12-06,85.09,29308.5928,2677229.0
2018-12-07,83.81,28867.7066,2521692.0
2018-12-10,83.28,28685.1522,2221285.0
2018-12-11,82.49,28413.0429,2001424.0
2018-12-12,82.4,28382.043,1882199.0
2018-12-13,80.59,27758.6025,2360810.0
2018-12-14,79.3,27314.272,2274805.0
2018-12-17,80.16,27610.4924,3903676.0
2018-12-18,81.51,28075.4894,3304444.0
2018-12-19,80.98,27892.935,3081016.0
2018-12-20,79.81,27489.9376,3320720.0
2018-12-21,79.85,27503.7153,4347597.0
2018-12-24,77.27,26615.0542,1429325.0
2018-12-26,80.8,27830.9354,2452048.0
2018-12-27,81.79,28171.9333,2851752.0
2018-12-28,82.02,28251.155,2235965.0
2018-12-31,82.63,28461.2648,1775325.0
2019-01-02,81.64,28120.2669,2208003.0
2019-01-03,80.3,27658.7143,3034866.0
2019-01-04,82.67,28475.0425,3061564.0
2019-01-07,82.54,28430.265,4135771.0
2019-01-08,82.53,28426.8205,2627545.0
2019-01-09,83.16,28643.8192,3309927.0
2019-01-10,83.54,28774.7072,1617916.0
2019-01-11,83.45,28743.7074,1821657.0
2019-01-14,83.8,28864.2622,1868034.0
2019-01-15,84.23,29012.3724,2553890.0
2019-01-16,84.54,29119.1495,2727538.0
2019-01-17,84.57,29129.4828,3475751.0
2019-01-18,85.7,29518.7025,5067507.0
2019-01-22,85.86,29573.8133,3783435.0
2019-01-23,85.89,29584.1466,1804184.0
2019-01-24,86.25,29708.1458,2086578.0
2019-01-25,86.15,29673.7016,1735737.0
2019-01-28,86.49,29790.8119,2195031.0
2019-01-29,86.78,29890.7002,2383962.0
2019-01-30,87.34,30083.5879,2221618.0
2019-01-31,87.87,30266.1423,1719964.0
2019-02-01,88.82,30593.3624,1967171.0
2019-02-04,88.8,30586.4736,2119639.0
2019-02-05,88.96,29534.72,2143167.0
2019-02-06,92.56,30729.92,4553461.0
2019-02-07,92.33,30653.56,4812352.0
2019-02-08,92.46,30696.72,2477205.0
2019-02-11,92.53,30719.96,2420478.0
2019-02-12,92.91,30846.12,2242541.0
2019-02-13,94.0,31208.0,2412812.0
2019-02-14,93.23,30952.36,1832176.0
2019-02-15,94.38,31330.6778,1571535.0
2019-02-19,94.62,31410.3489,2940115.0
2019-02-20,95.06,31556.4127,2124368.0
2019-02-21,94.63,31413.6685,1688677.0
2019-02-22,94.57,31393.7507,1370977.0
2019-02-25,94.9,31503.2986,1703770.0
2019-02-26,94.09,31234.4085,2155679.0
2019-02-27,93.98,31197.8925,1751590.0
2019-02-28,94.38,31330.6778,1981348.0
2019-03-01,95.01,31539.8145,1605568.0
2019-03-04,94.2,31270.9244,1970511.0
2019-03-05,94.0,31204.5318,1831569.0
2019-03-06,93.53,31048.5091,1493328.0
2019-03-07,93.24,30952.2398,1949044.0
2019-03-08,93.3,30972.1576,1416141.0
2019-03-11,94.11,31241.0477,1980259.0
2019-03-12,94.07,31227.7692,2109475.0
2019-03-13,93.55,31055.1484,2302352.0
2019-03-14,93.85,31154.7373,1850973.0
2019-03-15,94.84,31483.3808,4428114.0
2019-03-18,95.02,31543.1341,2247788.0
2019-03-19,94.21,31274.244,1642296.0
2019-03-20,93.04,30885.8472,2542974.0
2019-03-21,94.59,31400.39,1950081.0
2019-03-22,94.17,31260.9655,1524239.0
2019-03-25,93.99,31201.2121,1386428.0
2019-03-26,94.1,31237.7281,1769573.0
2019-03-27,94.15,31254.3262,1349344.0
2019-03-28,93.94,31184.614,1379993.0
2019-03-29,94.18,31264.2851,2085246.0
2019-04-01,95.09,31566.3716,1536658.0
2019-04-02,94.81,31473.4219,1605332.0
2019-04-03,95.64,31748.9513,2522127.0
2019-04-04,96.07,31891.6954,1549781.0
2019-04-05,96.31,31971.3665,1411636.0
2019-04-08,94.87,31493.3397,1571970.0
2019-04-09,94.36,31419.8434,1079537.0
2019-04-10,95.0,31632.9496,1431650.0
2019-04-11,95.81,31902.6621,1168731.0
2019-04-12,97.01,32302.2362,1416029.0
2019-04-15,96.4,32099.1194,930029.0
2019-04-16,98.19,32695.1508,1768638.0
2019-04-17,97.43,32442.0872,1337153.0
2019-04-18,96.72,32205.6725,2533063.0
2019-04-22,97.07,32322.2149,1049417.0
2019-04-23,97.29,32395.4702,1754317.0
2019-04-24,96.41,32102.4492,1764966.0
2019-04-25,96.47,32122.4279,1483220.0
2019-04-26,97.41,32435.4276,1218506.0
2019-04-29,97.76,32551.97,1174199.0
2019-04-30,99.06,32984.842,1759568.0
2019-05-01,98.0,32644.469,2089874.0
2019-05-02,98.29,32741.07,1949173.0
2019-05-03,98.58,32837.671,2028511.0
2019-05-06,97.68,32537.8749,1619885.0
2019-05-07,95.66,31864.9991,2222429.0
2019-05-08,95.32,31751.7427,2123543.0
2019-05-09,94.39,31441.9534,2007672.0
2019-05-10,96.38,32104.836,1883855.0
2019-05-13,94.08,31338.6903,1350154.0
2019-05-14,94.74,31558.5408,2301524.0
2019-05-15,95.49,31808.3709,1851093.0
2019-05-16,95.87,31934.9515,1950653.0
2019-05-17,95.64,31858.3369,1416338.0
2019-05-20,95.94,31958.269,1236798.0
2019-05-21,96.91,32281.3826,1865319.0
2019-05-22,97.09,32341.3418,1876152.0
2019-05-23,95.98,31971.5933,1316228.0
2019-05-24,96.37,32101.5049,1049579.0
2019-05-28,95.09,31675.1282,1894650.0
2019-05-29,96.23,32054.87,1828728.0
2019-05-30,95.89,31941.6136,1395792.0
2019-05-31,95.51,31815.033,1403110.0
2019-06-03,96.77,32234.7476,2059832.0
2019-06-04,97.88,32604.4962,1747279.0
2019-06-05,99.33,33087.5011,2047152.0
2019-06-06,99.5,33144.1293,1771551.0
2019-06-07,100.72,33550.5196,2270322.0
2019-06-10,100.79,33573.8371,1583567.0
2019-06-11,100.43,33453.9186,1488066.0
2019-06-12,100.61,33513.8779,1127701.0
2019-06-13,101.1,33677.1002,1881236.0
2019-06-14,102.14,34023.5313,1019410.0
2019-06-17,101.28,33737.0594,1294980.0
2019-06-18,101.87,33933.5925,1467333.0
2019-06-19,102.76,34230.0575,2555342.0
2019-06-20,103.55,34493.2119,2870933.0
2019-06-21,101.21,33713.742,2704717.0
2019-06-24,102.19,34040.1867,1197518.0
2019-06-25,101.61,33846.9847,1890210.0
2019-06-26,99.49,33140.7982,1850216.0
2019-06-27,100.14,33357.3177,1074875.0
2019-06-28,101.69,33873.6332,1756011.0
2019-07-01,103.15,34359.9692,1423081.0
2019-07-02,103.27,34399.942,1437117.0
2019-07-03,104.63,34852.9673,1090766.0
2019-07-05,104.49,34806.3324,1074044.0
2019-07-08,104.38,34769.6906,1251612.0
2019-07-09,104.66,34862.9605,1321851.0
2019-07-10,104.26,34729.7178,1125153.0
2019-07-11,103.15,34359.9692,1767333.0
2019-07-12,103.91,34613.1304,979387.0
2019-07-15,104.39,34773.0217,1263837.0
2019-07-16,104.85,34926.2508,1160997.0
2019-07-17,102.94,34290.0168,1402200.0
2019-07-18,103.2,34376.6245,1205920.0
2019-07-19,101.41,33780.3633,1294731.0
2019-07-22,101.21,33713.742,1008680.0
2019-07-23,101.51,33813.674,1257467.0
2019-07-24,102.08,34003.5449,1017262.0
2019-07-25,102.04,33990.2206,1034948.0
2019-07-26,102.93,34286.6857,893722.0
2019-07-29,101.81,33913.6061,1407637.0
2019-07-30,101.83,33521.6002,1265599.0
2019-07-31,107.4,35355.1985,3523892.0
2019-08-01,104.88,34525.6351,2091167.0
2019-08-02,104.51,34403.8342,1727225.0
2019-08-05,101.78,33505.1406,1853087.0
2019-08-06,103.87,34193.1514,1913791.0
2019-08-07,103.33,34015.3879,1771365.0
2019-08-08,105.3,34663.8957,1462357.0
2019-08-09,104.09,34265.5736,1984705.0
2019-08-12,102.85,33857.3758,1009479.0
2019-08-13,104.44,34380.7908,1456879.0
2019-08-14,101.69,33475.5133,2244892.0
2019-08-15,101.84,33524.8921,1249800.0
2019-08-16,103.22,33979.1768,1947645.0
2019-08-19,103.99,34232.6545,1640169.0
2019-08-20,103.22,33979.1768,923653.0
2019-08-21,103.89,34199.7353,921009.0
2019-08-22,104.5,34400.5423,1098027.0
2019-08-23,101.98,33570.9789,1418498.0
2019-08-26,103.21,33975.8849,1230731.0
2019-08-27,102.63,33784.9536,1274869.0
2019-08-28,102.41,33712.5314,1433271.0
2019-08-29,102.22,33649.985,1296796.0
2019-08-30,102.39,33705.9476,2077847.0
2019-09-03,102.54,33755.3264,1969118.0
2019-09-04,103.9,34203.0272,1236397.0
2019-09-05,104.38,34361.0392,1158389.0
2019-09-06,105.31,34667.1876,993699.0
2019-09-09,105.79,34825.1997,1075539.0
2019-09-10,105.68,34788.9886,1396241.0
2019-09-11,106.15,34943.7087,1398674.0
2019-09-12,106.58,35085.2612,1310359.0
2019-09-13,105.81,34831.7835,1909411.0
2019-09-16,106.38,35019.4228,1299715.0
2019-09-17,107.94,35532.962,1916445.0
2019-09-18,107.99,35549.4216,2086665.0
2019-09-19,108.36,35671.2226,1602037.0
2019-09-20,107.92,35526.3782,2099893.0
2019-09-23,108.41,35687.6822,1091907.0
2019-09-24,107.76,35473.7075,2160718.0
2019-09-25,107.66,35440.7883,2304956.0
2019-09-26,108.11,35588.9246,1982518.0
2019-09-27,107.83,35496.7509,1553025.0
2019-09-30,108.68,35776.564,2168445.0
2019-10-01,107.17,35279.4843,2534950.0
2019-10-02,105.61,34765.9452,1535148.0
2019-10-03,105.65,34779.1128,1284691.0
2019-10-04,108.46,35704.1418,1720601.0
2019-10-07,107.46,35374.95,1337313.0
2019-10-08,105.9,34861.4108,1424233.0
2019-10-09,106.57,35081.9693,848364.0
2019-10-10,107.14,35269.6086,1245533.0
2019-10-11,107.93,35529.6701,1298959.0
2019-10-14,108.23,35628.4276,1528108.0
2019-10-15,108.07,35575.757,1489393.0
2019-10-16,107.49,35384.8257,1337595.0
2019-10-17,107.74,35467.1237,1052435.0
2019-10-18,108.41,35687.6822,1671790.0
2019-10-21,109.13,35924.7003,1450810.0
2019-10-22,107.5,35388.1176,1420061.0
2019-10-23,108.18,35611.9681,1061577.0
2019-10-24,108.26,35638.3034,1105735.0
2019-10-25,107.24,35302.5278,1758091.0
2019-10-28,106.6,35091.845,1937422.0
2019-10-29,108.22,35625.1357,1785280.0
2019-10-30,104.95,33999.1944,2267377.0
2019-10-31,106.42,34475.4099,1600628.0
2019-11-01,105.9,34306.9527,2281392.0
2019-11-04,106.49,34498.0868,1410250.0
2019-11-05,105.84,34287.5153,1554513.0
2019-11-06,106.95,34647.1066,1948164.0
2019-11-07,107.72,34896.5528,1974526.0
2019-11-08,108.19,35048.8122,1374493.0
2019-11-11,109.38,35434.32,1011123.0
2019-11-12,110.13,35677.2871,2052970.0
2019-11-13,110.57,35819.8277,1816338.0
2019-11-14,110.8,35894.3377,988066.0
2019-11-15,111.1,35991.5245,1459480.0
2019-11-18,111.51,36124.3465,1669011.0
2019-11-19,111.03,35968.8476,1682165.0
2019-11-20,110.4,35764.7552,1787859.0
2019-11-21,110.2,35699.964,1755922.0
2019-11-22,110.04,35648.131,1036147.0
2019-11-25,110.64,35842.5047,956210.0
2019-11-26,112.62,36483.9378,2128433.0
2019-11-27,112.02,36289.5641,1599873.0
2019-11-29,111.35,36072.5135,817942.0
2019-12-02,111.14,36004.4827,1180662.0
2019-12-03,109.44,35453.7573,1269616.0
2019-12-04,110.14,35680.5266,1209072.0
2019-12-05,109.54,35486.1529,2608519.0
2019-12-06,111.1,35991.5245,1805106.0
2019-12-09,111.32,36062.7948,1798029.0
2019-12-10,110.74,35874.9003,1030984.0
2019-12-11,109.59,35502.3508,1489278.0
2019-12-12,110.35,35748.5574,1757153.0
2019-12-13,109.7,35537.9859,1523393.0
2019-12-16,109.62,35512.0694,2329896.0
2019-12-17,109.85,35586.5793,3208096.0
2019-12-18,109.65,35521.7881,1672249.0
2019-12-19,111.21,36027.1597,2351873.0
2019-12-20,111.58,36147.0234,3457820.0
2019-12-23,110.88,35920.2541,1834729.0
2019-12-24,111.17,36014.2014,831741.0
2019-12-26,111.6,36153.5025,822900.0
2019-12-27,111.87,36240.9707,1041606.0
2019-12-30,111.77,36208.5751,920262.0
2019-12-31,112.45,36428.8652,1109030.0
2020-01-02,112.82,36548.729,1212402.0
2020-01-03,112.83,36551.9686,1047144.0
2020-01-06,113.16,36658.8741,1214837.0
2020-01-07,112.19,36344.6367,1640983.0
2020-01-08,112.5,36445.0631,1748857.0
2020-01-09,113.78,36859.7269,1462006.0
2020-01-10,113.45,36752.8214,1431212.0
2020-01-13,114.48,37086.4962,1526091.0
2020-01-14,113.8,36866.206,1899079.0
2020-01-15,114.26,37015.2258,1692535.0
2020-01-16,116.15,37627.5029,1902984.0
2020-01-17,117.55,38081.0414,1725663.0
2020-01-21,117.8,38162.0305,1314122.0
2020-01-22,117.65,38113.437,1274111.0
2020-01-23,118.15,38275.4151,1502433.0
2020-01-24,118.28,38317.5294,2152165.0
2020-01-27,116.58,37766.804,1135196.0
2020-01-28,117.54,38077.8019,1496518.0
2020-01-29,118.36,38343.4459,1878790.0
2020-01-30,119.88,38835.8592,1289419.0
2020-01-31,118.54,38401.758,1754476.0
2020-02-03,119.05,38566.9756,1439702.0
2020-02-04,119.95,38858.5361,1848480.0
2020-02-05,124.67,39769.73,2718384.0
2020-02-06,123.89,39520.91,1506724.0
2020-02-07,124.43,39693.17,1331592.0
2020-02-10,123.95,39540.05,1534299.0
2020-02-11,125.1,39906.9,1739604.0
2020-02-12,123.78,39485.82,1549109.0
2020-02-13,124.89,39839.91,1367476.0
2020-02-14,125.57,40056.83,1110898.0
2020-02-18,124.3,39651.7,1663721.0
2020-02-19,124.26,39638.94,1414649.0
2020-02-20,123.46,39383.74,2146134.0
2020-02-21,123.62,39176.8652,1477670.0
2020-02-24,120.54,38200.7711,1745582.0
2020-02-25,117.31,37177.14,2046443.0
2020-02-26,115.73,36676.4165,2479025.0
2020-02-27,109.92,34835.1482,2367068.0
2020-02-28,105.25,33355.1615,4179813.0
2020-03-02,112.67,35706.6607,2794625.0
2020-03-03,109.2,34606.9704,2810344.0
2020-03-04,114.51,36289.7818,1905902.0
2020-03-05,108.46,34372.4543,2459881.0
2020-03-06,107.14,33954.1282,3277466.0
2020-03-09,95.61,30300.1139,2527123.0
2020-03-10,99.26,31456.8487,2511182.0
2020-03-11,92.77,29400.0791,2661990.0
2020-03-12,83.8,26557.3637,4397735.0
2020-03-13,92.77,29400.0791,3606114.0
2020-03-16,84.98,26931.3218,3607740.0
2020-03-17,87.94,27869.3862,2917937.0
2020-03-18,75.55,23942.8261,3617445.0
2020-03-19,74.69,23670.2804,2475797.0
2020-03-20,73.87,23410.4112,3911134.0
2020-03-23,73.23,23207.5864,3181239.0
2020-03-24,77.92,24693.9115,3197668.0
2020-03-25,83.0,26303.8328,3539566.0
2020-03-26,89.5,28363.7715,3563478.0
2020-03-27,88.46,28034.1813,2662532.0
2020-03-30,94.64,29992.7076,2745374.0
2020-03-31,91.73,29070.4889,2534960.0
2020-04-01,86.4,27381.3392,2683991.0
2020-04-02,85.79,27188.0219,2579951.0
2020-04-03,85.96,27241.8972,3264330.0
2020-04-06,93.52,29590.2287,2408457.0
2020-04-07,92.53,29276.9874,2677473.0
2020-04-08,97.25,30770.4207,1951966.0
2020-04-09,100.34,31748.1132,2714203.0
2020-04-13,98.0,31007.7247,2225674.0
2020-04-14,102.44,32412.5645,2393745.0
2020-04-15,97.94,30988.7404,2036621.0
2020-04-16,99.93,31618.387,2168652.0
2020-04-17,104.92,33197.2497,3991040.0
2020-04-20,102.72,32501.158,2378988.0
2020-04-21,100.09,31669.0119,1731765.0
2020-04-22,101.99,32270.1821,1828642.0
2020-04-23,99.45,31466.5125,1672186.0
2020-04-24,101.44,32096.1591,1801128.0
2020-04-27,103.09,32618.2279,1639772.0
2020-04-28,101.84,32222.7213,2058358.0
2020-04-29,105.82,33482.0146,2661101.0
2020-04-30,101.72,32184.7526,2468661.0
2020-05-01,99.74,31558.27,2186061.0
2020-05-04,100.34,31748.1132,1548412.0
2020-05-05,102.15,32086.9591,2006917.0
2020-05-06,101.48,31876.5013,2471513.0
2020-05-07,100.85,31678.6082,2408662.0
2020-05-08,100.79,31659.7612,2217672.0
2020-05-11,101.84,31989.5831,2079094.0
2020-05-12,97.55,30642.0251,1634126.0
2020-05-13,92.08,28923.81,2798216.0
2020-05-14,93.92,29501.7836,1690374.0
2020-05-15,95.38,29960.3931,2439681.0
2020-05-18,99.04,31110.058,1611824.0
2020-05-19,97.27,30554.0726,1180413.0
2020-05-20,96.99,30466.1201,2386792.0
2020-05-21,94.13,29567.748,2972322.0
2020-05-22,94.82,29784.4881,1510228.0
2020-05-26,94.05,29542.6187,2756818.0
2020-05-27,97.73,30698.566,2711629.0
2020-05-28,98.26,30865.0475,1932684.0
2020-05-29,97.81,30723.6953,2112427.0
2020-06-01,99.07,31119.4815,1601077.0
2020-06-02,99.0,31097.4934,1586047.0
2020-06-03,100.41,31540.3971,1673395.0
2020-06-04,101.86,31995.8654,1980848.0
2020-06-05,105.47,33129.8245,2313491.0
2020-06-08,106.99,33607.281,2240196.0
2020-06-09,103.21,32419.9222,1654895.0
2020-06-10,101.98,32033.5594,2013080.0
2020-06-11,94.79,29775.0646,2295456.0
2020-06-12,95.7,30060.9103,2198847.0
2020-06-15,97.83,30729.9776,2049011.0
2020-06-16,99.12,31135.1873,1850157.0
2020-06-17,97.95,30767.6715,1566879.0
2020-06-18,98.75,31018.9644,1337107.0
2020-06-19,98.73,31012.6821,3632922.0
2020-06-22,97.16,30519.5198,1465302.0
2020-06-23,96.66,30362.4617,1672452.0
2020-06-24,92.95,29197.091,2743741.0
2020-06-25,95.83,30101.7454,1652416.0
2020-06-26,94.58,29709.1003,2418260.0
2020-06-29,95.44,29979.2401,1262155.0
2020-06-30,96.99,30466.1201,1839779.0
2020-07-01,95.53,30007.5106,1610983.0
2020-07-02,94.09,29555.1834,1941311.0
2020-07-06,95.64,30042.0633,1451429.0
2020-07-07,92.65,29102.8562,1312480.0
2020-07-08,88.22,27711.3219,5064361.0
2020-07-09,85.82,26957.4433,3216152.0
2020-07-10,86.97,27318.6768,2793175.0
2020-07-13,88.5,27799.2744,2846167.0
2020-07-14,89.73,28185.6372,2472221.0
2020-07-15,90.13,28311.2836,2480782.0
2020-07-16,91.61,28776.1755,2083543.0
2020-07-17,91.67,28795.0224,3274462.0
2020-07-20,90.93,28562.5765,1773430.0
2020-07-21,91.86,28854.7045,1723736.0
2020-07-22,93.52,29376.1372,1726369.0
2020-07-23,94.67,29737.3707,3225313.0
2020-07-24,94.36,29639.9947,1857278.0
2020-07-27,92.7,29118.562,1635078.0
2020-07-28,92.27,28983.4921,1114296.0
2020-07-29,94.0,29526.9129,1649830.0
2020-07-30,92.08,28923.81,1712576.0
2020-07-31,94.39,29649.4182,2074538.0
2020-08-03,96.19,30214.8272,1982783.0
2020-08-04,96.24,30057.307,2443353.0
2020-08-05,94.76,29595.0791,3498887.0
2020-08-06,94.48,29507.6306,1305950.0
2020-08-07,96.91,30266.5589,1169388.0
2020-08-10,97.25,30372.7464,1262464.0
2020-08-11,96.83,30241.5736,1376654.0
2020-08-12,96.23,30054.1839,1404643.0
2020-08-13,96.26,30063.5534,1068614.0
2020-08-14,96.12,30019.8291,1581358.0
2020-08-17,95.23,29741.8677,1437157.0
2020-08-18,94.68,29570.0938,1367055.0
2020-08-19,94.28,29445.1674,1177414.0
2020-08-20,95.36,29782.4688,1618822.0
2020-08-21,94.49,29510.7538,1326244.0
2020-08-24,95.0,29670.035,2399686.0
2020-08-25,93.77,29285.8861,1662082.0
2020-08-26,93.01,29048.5259,1689162.0
2020-08-27,94.13,29398.32,2327039.0
2020-08-28,94.3,29451.4137,2976189.0
2020-08-31,93.0,29045.4027,1571465.0
2020-09-01,92.96,29032.91,2549229.0
2020-09-02,94.59,29541.9854,3079063.0
2020-09-03,93.34,29151.5902,2022104.0
2020-09-04,93.81,29298.3788,1892511.0
2020-09-08,91.25,28498.8494,1927580.0
2020-09-09,92.54,28901.7373,1784506.0
2020-09-10,92.62,28926.7226,1850834.0
2020-09-11,93.82,29301.5019,1288279.0
2020-09-14,94.95,29654.4192,1471405.0
2020-09-15,94.84,29620.0644,2411510.0
2020-09-16,95.91,29954.2427,1797412.0
2020-09-17,92.8,28982.9395,1539466.0
2020-09-18,91.28,28508.2189,2549377.0
2020-09-21,92.03,28742.456,2608930.0
2020-09-22,92.34,28839.274,2095336.0
2020-09-23,89.62,27989.7741,1817820.0
2020-09-24,89.98,28102.2079,1941329.0
2020-09-25,91.28,28508.2189,2077850.0
2020-09-28,93.22,29114.1122,1385062.0
2020-09-29,93.44,29182.8218,2403230.0
2020-09-30,94.14,29401.4431,2090677.0
2020-10-01,92.26,28814.2887,2662464.0
2020-10-02,93.02,29051.649,1369144.0
2020-10-05,93.68,29257.7777,1501798.0
2020-10-06,92.65,28936.092,2163844.0
2020-10-07,93.29,29135.9744,1558054.0
2020-10-08,93.58,29226.5461,1422906.0
2020-10-09,92.86,29001.6784,1501354.0
2020-10-12,94.26,29438.9211,1526575.0
2020-10-13,91.79,28667.5001,2513728.0
2020-10-14,91.28,28508.2189,2514331.0
2020-10-15,91.71,28642.5149,1811980.0
2020-10-16,92.58,28914.2299,3520974.0
2020-10-19,91.42,28551.9432,1326849.0
2020-10-20,91.08,28445.7557,1621541.0
2020-10-21,90.76,28345.8145,2483875.0
2020-10-22,91.69,28636.2685,1479900.0
2020-10-23,91.25,28498.8494,1166239.0
2020-10-26,90.82,28364.5535,1662701.0
2020-10-27,89.04,27808.6307,1799960.0
2020-10-28,88.0,27483.8219,2620494.0
2020-10-29,88.59,27668.0884,1653832.0
2020-10-30,88.75,27718.059,1796409.0
2020-11-02,90.9,28389.5388,1922357.0
2020-11-03,92.92,29020.4174,1724816.0
2020-11-04,92.04,27986.4211,2148688.0
2020-11-05,90.41,27490.7902,2740172.0
2020-11-06,91.15,27715.8006,1507492.0
2020-11-09,93.89,28548.947,3943164.0
2020-11-10,94.44,28716.1844,2607671.0
2020-11-11,94.37,28694.8996,1675023.0
2020-11-12,94.81,28828.6895,1794942.0
2020-11-13,96.71,29406.4188,1670108.0
2020-11-16,98.06,29816.9106,2023064.0
2020-11-17,99.37,30215.2397,1756409.0
2020-11-18,100.07,30428.0874,2517916.0
2020-11-19,100.37,30519.3078,2155730.0
2020-11-20,100.18,30461.5348,1817888.0
2020-11-23,101.31,30805.1317,1878084.0
2020-11-24,104.88,31890.6546,2627046.0
2020-11-25,103.95,31607.8713,1950740.0
2020-11-27,104.14,31665.6442,1069439.0
2020-11-30,102.35,31121.3625,2931760.0
2020-12-01,104.29,31711.2544,2298956.0
2020-12-02,103.68,31525.7729,1710590.0
2020-12-03,103.83,31571.3831,1435635.0
2020-12-04,104.36,31732.5392,1243939.0
2020-12-07,103.41,31443.6746,1488841.0
2020-12-08,105.45,32063.9733,1578112.0
2020-12-09,105.19,31984.9157,1413846.0
2020-12-10,105.42,32054.8513,2220711.0
2020-12-11,104.43,31753.824,1662091.0
2020-12-14,104.87,31887.6139,1975274.0
2020-12-15,105.92,32206.8853,1404804.0
2020-12-16,106.42,32358.9193,1823643.0
2020-12-17,106.56,32401.4889,1820981.0
2020-12-18,107.4,32656.906,5276806.0
2020-12-21,106.17,32282.9023,2140151.0
2020-12-22,106.19,32288.9837,1513560.0
2020-12-23,105.99,32228.1701,1083273.0
2020-12-24,107.19,32593.0517,508963.0
2020-12-28,107.47,32678.1908,1130037.0
2020-12-29,107.52,32693.3942,1405978.0
2020-12-30,108.15,32884.957,1017182.0
2020-12-31,109.93,33426.1981,1033844.0
2021-01-04,108.08,32863.6723,2124583.0
2021-01-05,107.23,32605.2144,2053960.0
2021-01-06,109.99,33444.4422,2174872.0
2021-01-07,110.07,33468.7676,1545264.0
2021-01-08,109.95,33432.2795,1260936.0
2021-01-11,109.15,33189.025,1290966.0
2021-01-12,109.78,33380.5879,1219237.0
2021-01-13,108.88,33106.9267,2023669.0
2021-01-14,109.06,33161.6589,1432857.0
2021-01-15,108.4,32960.974,2126787.0
2021-01-19,110.27,33529.5812,1255145.0
2021-01-20,111.0,33751.5509,1993570.0
2021-01-21,110.72,33666.4118,1605157.0
2021-01-22,110.43,33578.2321,1238672.0
2021-01-25,110.95,33736.3475,1124412.0
2021-01-26,109.52,33301.5302,1078834.0
2021-01-27,110.51,33602.5576,2797254.0
2021-01-28,109.3,33234.6352,2741224.0
2021-01-29,107.18,32590.011,2144463.0
2021-02-01,108.71,33055.2351,1548299.0
2021-02-02,110.79,33687.6966,2057242.0
2021-02-03,109.0,33143.4148,1702718.0
2021-02-04,107.13,32567.52,2767009.0
2021-02-05,106.92,32503.68,1742740.0
2021-02-08,107.38,32643.52,1909318.0
2021-02-09,107.88,32795.52,1054677.0
2021-02-10,105.6,32102.4,1879245.0
2021-02-11,104.48,31761.92,2020327.0
2021-02-12,104.43,31746.72,1202894.0
2021-02-16,103.21,31375.84,2086173.0
2021-02-17,104.86,31877.44,2273392.0
2021-02-18,105.08,31944.32,1690950.0
2021-02-19,103.45,31448.8,2574501.0
2021-02-22,105.31,31895.6005,2217983.0
2021-02-23,108.01,32713.3587,2525077.0
2021-02-24,108.36,32819.3644,1578790.0
2021-02-25,108.83,32961.715,1886816.0
2021-02-26,106.6,32286.3072,2795710.0
2021-03-01,109.72,33231.2723,1827743.0
2021-03-02,110.49,33464.4848,1337452.0
2021-03-03,111.26,33697.6974,2045814.0
2021-03-04,109.35,33119.2091,2241019.0
2021-03-05,111.62,33806.7318,2158304.0
2021-03-08,113.28,34309.5017,2971464.0
2021-03-09,111.59,33797.6456,2272763.0
2021-03-10,113.71,34439.7373,3212262.0
2021-03-11,113.76,34454.8809,2330123.0
2021-03-12,115.74,35054.5703,1698432.0
2021-03-15,117.27,35517.9667,2110322.0
2021-03-16,115.84,35084.8577,3758551.0
2021-03-17,115.84,35084.8577,2179808.0
2021-03-18,116.04,35145.4324,3051404.0
2021-03-19,113.24,34297.3868,8756486.0
2021-03-22,112.24,33994.5133,2714355.0
2021-03-23,111.86,33879.4214,1801779.0
2021-03-24,112.85,34179.2661,2653365.0
2021-03-25,114.71,34742.6107,1560716.0
2021-03-26,116.03,35142.4036,1459419.0
2021-03-29,116.8,35375.6162,2648117.0
2021-03-30,117.11,35469.5069,1531733.0
2021-03-31,114.9,34800.1566,2111497.0
2021-04-01,116.03,35142.4036,2292992.0
2021-04-05,117.49,35584.5988,1266676.0
2021-04-06,117.83,35687.5758,1438962.0
2021-04-07,116.38,35248.4093,1891633.0
2021-04-08,117.05,35451.3345,1515985.0
2021-04-09,117.1,35466.4782,1630738.0
2021-04-12,119.36,35848.7787,1894027.0
2021-04-13,119.19,35797.7207,1721075.0
2021-04-14,120.42,36167.1409,1683079.0
2021-04-15,121.59,36518.5406,1792798.0
2021-04-16,122.2,36701.749,1856228.0
2021-04-19,122.84,36893.9677,1169632.0
2021-04-20,122.87,36902.9779,1759189.0
2021-04-21,123.9,37212.3298,1032803.0
2021-04-22,123.66,37140.2478,1159694.0
2021-04-23,125.05,37557.7227,1181827.0
2021-04-26,125.3,37632.8081,1537175.0
2021-04-27,125.84,37794.9926,1360266.0
2021-04-28,125.35,37647.8252,1600076.0
2021-04-29,127.87,38404.6861,1066352.0
2021-04-30,126.8,38083.3206,1404876.0
2021-05-03,128.13,38482.775,1575538.0
2021-05-04,127.84,38395.6759,2195623.0
2021-05-05,127.45,38150.7153,2032758.0
2021-05-06,132.62,39698.2963,2624135.0
2021-05-07,132.26,39590.5343,2104842.0
2021-05-10,134.49,40258.0596,2377450.0
2021-05-11,134.13,40150.2977,2307909.0
2021-05-12,132.75,39737.2103,2117125.0
2021-05-13,137.52,41165.0558,2217611.0
2021-05-14,139.26,41685.9051,2518772.0
2021-05-17,139.02,41614.0638,4019995.0
2021-05-18,137.13,41048.3137,1764777.0
2021-05-19,135.69,40617.266,2108118.0
2021-05-20,136.09,40737.0015,1597013.0
2021-05-21,137.43,41138.1153,2741395.0
2021-05-24,137.24,41081.241,1499194.0
2021-05-25,135.15,40455.6231,1492756.0
2021-05-26,135.57,40581.3454,3187212.0
2021-05-27,136.3,40799.8626,3993874.0
2021-05-28,136.61,40892.6576,2095456.0
2021-06-01,138.02,41314.7252,1501422.0
2021-06-02,138.14,41350.6458,1520406.0
2021-06-03,136.26,40787.8891,1993354.0
2021-06-04,136.23,40778.9089,1361746.0
2021-06-07,134.49,40258.0596,2389657.0
2021-06-08,134.58,40285.0001,1624869.0
2021-06-09,133.03,39821.0251,1256337.0
2021-06-10,131.41,39336.0965,1359676.0
2021-06-11,131.73,39431.8848,1538250.0
2021-06-14,130.98,39207.3808,1491260.0
2021-06-15,132.11,39545.6335,1623044.0
2021-06-16,130.44,39045.7379,1880884.0
2021-06-17,126.55,37881.3105,1953601.0
2021-06-18,124.04,37129.9704,3910646.0
2021-06-21,128.16,38363.2457,1581607.0
2021-06-22,128.5,38465.0209,1328974.0
2021-06-23,127.82,38261.4706,994630.0
2021-06-24,128.93,38593.7365,1135970.0
2021-06-25,130.78,39147.5131,1409655.0
2021-06-28,129.75,38839.1942,1574196.0
2021-06-29,129.57,38785.3133,1357263.0
2021-06-30,130.44,39045.7379,1206260.0
2021-07-01,132.79,39749.1838,1648521.0
2021-07-02,133.23,39880.8929,954099.0
2021-07-06,131.7,39422.9047,1991509.0
2021-07-07,133.09,39838.9855,1168569.0
2021-07-08,130.4,39033.7644,1650834.0
2021-07-09,133.47,39952.7342,1189721.0
2021-07-12,134.57,40282.0067,1478490.0
2021-07-13,132.28,39596.5211,1126010.0
2021-07-14,131.69,39419.9113,1317285.0
2021-07-15,130.49,39060.7049,2880780.0
2021-07-16,130.45,39048.7313,1631459.0
2021-07-19,127.49,38162.6888,1983888.0
2021-07-20,127.83,38264.464,1918080.0
2021-07-21,128.79,38551.8291,1168771.0
2021-07-22,128.25,38390.1862,1304273.0
2021-07-23,129.74,38836.2009,1011833.0
2021-07-26,130.5,39063.6983,830360.0
2021-07-27,131.45,39348.07,717110.0
2021-07-28,130.41,39036.7578,1083317.0
2021-07-29,132.52,39668.3624,1003841.0
2021-07-30,130.05,38928.9959,1423783.0
2021-08-02,129.76,38842.1876,1022165.0
2021-08-03,130.71,39126.5594,1674140.0
2021-08-04,128.93,38122.2039,1109287.0
2021-08-05,127.93,37826.5225,1941651.0
2021-08-06,130.82,38681.0418,2029233.0
2021-08-09,132.68,39231.0092,1458709.0
2021-08-10,134.33,39718.8835,1455251.0
2021-08-11,135.61,40097.3557,1105520.0
2021-08-12,135.25,39990.9104,979550.0
2021-08-13,135.06,39934.731,846283.0
2021-08-16,136.54,40372.3394,984666.0
2021-08-17,134.73,39837.1561,1929682.0
2021-08-18,134.31,39712.9699,1374895.0
2021-08-19,134.03,39630.1791,1038903.0
2021-08-20,134.56,39786.8903,1353784.0
2021-08-23,137.33,40605.9278,2385755.0
2021-08-24,136.95,40493.5688,1227460.0
2021-08-25,137.87,40765.5957,1457687.0
2021-08-26,136.22,40277.7214,1425206.0
2021-08-27,137.51,40659.1504,1067688.0
2021-08-30,134.52,39775.063,1155280.0
2021-08-31,135.28,39999.7809,1825590.0
2021-09-01,134.27,39701.1427,1992082.0
2021-09-02,133.97,39612.4382,1437968.0
2021-09-03,133.97,39612.4382,1405300.0
2021-09-07,131.47,38873.2347,1370711.0
2021-09-08,132.82,39272.4046,1195662.0
2021-09-09,132.09,39056.5572,1441945.0
2021-09-10,131.55,38896.8892,1311398.0
2021-09-13,133.27,39405.4612,1603565.0
2021-09-14,132.13,39068.3844,2118876.0
2021-09-15,131.69,38938.2846,1914246.0
2021-09-16,131.48,38876.1915,1515630.0
2021-09-17,131.03,38743.1349,3401159.0
2021-09-20,129.59,38317.3537,2009568.0
2021-09-21,129.6,38320.3105,1631423.0
2021-09-22,130.36,38545.0283,1476059.0
2021-09-23,130.81,38678.085,1237025.0
2021-09-24,130.5,38586.4237,1162914.0
2021-09-27,130.4,38556.8556,1156134.0
2021-09-28,127.99,37844.2634,1453626.0
2021-09-29,129.33,38240.4765,908600.0
2021-09-30,127.31,37643.2001,1463531.0
2021-10-01,127.72,37764.4294,1553163.0
2021-10-04,126.61,37436.2231,1539643.0
2021-10-05,128.13,37885.6588,1864300.0
2021-10-06,127.49,37696.4227,1247173.0
2021-10-07,127.34,37652.0705,1309549.0
2021-10-08,126.88,37516.057,970042.0
2021-10-11,127.96,37835.393,1265002.0
2021-10-12,126.81,37495.3593,1443910.0
2021-10-13,125.7,37167.153,1277131.0
2021-10-14,126.81,37495.3593,1358181.0
2021-10-15,126.76,37480.5753,1378241.0
2021-10-18,126.05,37270.6415,1057483.0
2021-10-19,126.5,37403.6981,1419072.0
2021-10-20,128.34,37947.7519,1347418.0
2021-10-21,126.77,37483.5321,1379761.0
2021-10-22,128.0,37847.2202,1837694.0
2021-10-25,129.0,38142.9016,1355644.0
2021-10-26,128.32,37941.8383,1179265.0
2021-10-27,124.9,36930.6079,1260031.0
2021-10-28,126.22,37320.9073,1418380.0
2021-10-29,123.67,36566.9197,2162941.0
2021-11-01,123.51,36519.6107,2072189.0
2021-11-02,125.18,37013.3987,2097291.0
2021-11-03,126.12,36155.5823,1693000.0
2021-11-04,117.1,33569.7644,4434513.0
2021-11-05,117.16,33586.965,2580164.0
2021-11-08,117.06,33558.2974,1610770.0
2021-11-09,115.19,33022.2132,1557990.0
2021-11-10,114.11,32712.603,2113720.0
2021-11-11,114.66,32870.2749,1534470.0
2021-11-12,114.71,32884.6087,2372924.0
2021-11-15,114.8,32910.4095,1774125.0
2021-11-16,115.35,33068.0813,3627657.0
2021-11-17,113.23,32460.3281,2592710.0
2021-11-18,113.06,32411.5932,2445308.0
2021-11-19,111.94,32090.516,2084081.0
2021-11-22,113.55,32552.0645,2216535.0
2021-11-23,114.9,32939.0771,3013040.0
2021-11-24,114.7,32881.7419,2676563.0
2021-11-26,115.12,33002.1458,1929896.0
2021-11-29,113.14,32434.5273,2656224.0
2021-11-30,108.72,31167.4192,8377120.0
2021-12-01,107.13,30711.6043,2690205.0
2021-12-02,109.68,31442.6282,2201528.0
2021-12-03,108.32,31052.7488,2814704.0
2021-12-06,109.78,31471.2958,2334785.0
2021-12-07,110.24,31603.1668,2660086.0
2021-12-08,109.02,31253.422,2176922.0
2021-12-09,107.67,30866.4093,2155585.0
2021-12-10,108.02,30966.7459,1392213.0
2021-12-13,108.2,31018.3476,1705230.0
2021-12-14,110.71,31737.9045,2208910.0
2021-12-15,113.52,32543.4642,2988039.0
2021-12-16,115.82,33202.8191,2556216.0
2021-12-17,114.14,32721.2033,4986569.0
2021-12-20,112.31,32196.5862,1979459.0
2021-12-21,113.32,32486.129,1365035.0
2021-12-22,113.42,32514.7966,1092016.0
2021-12-23,114.13,32718.3366,1063062.0
2021-12-27,116.08,33277.3548,1116319.0
2021-12-28,117.09,33566.8976,1311093.0
2021-12-29,117.95,33813.439,1511289.0
2021-12-30,117.68,33736.0365,1251905.0
2021-12-31,117.65,33727.4362,1144022.0
2022-01-03,118.27,33905.1754,1924581.0
2022-01-04,121.13,34725.0688,1878504.0
2022-01-05,121.02,34693.5345,1840119.0
2022-01-06,122.4,35089.1474,1510894.0
2022-01-07,125.95,36106.8474,2314143.0
2022-01-10,123.54,35415.9581,2672430.0
2022-01-11,123.82,35496.2274,2019056.0
2022-01-12,123.79,35487.6271,1593100.0
2022-01-13,124.16,35593.6973,1723919.0
2022-01-14,124.08,35570.7632,1991116.0
2022-01-18,123.22,35324.2218,2361975.0
2022-01-19,120.93,34667.7336,1845791.0
2022-01-20,119.49,34254.9201,2436020.0
2022-01-21,119.41,34231.9861,3810380.0
2022-01-24,121.92,34951.5429,2780368.0
2022-01-25,121.93,34954.4097,2201962.0
2022-01-26,120.3,34487.1277,2634186.0
2022-01-27,120.25,34472.7939,2184169.0
2022-01-28,120.86,34647.6663,1980951.0
2022-01-31,120.67,34593.1979,3607789.0
2022-02-01,118.72,34034.1796,3367598.0
2022-02-02,117.69,33738.9033,5549556.0
2022-02-03,121.67,34189.27,5012073.0
2022-02-04,122.12,34315.72,2637286.0
2022-02-07,124.76,35057.56,3108736.0
2022-02-08,127.18,35737.58,2870994.0
2022-02-09,124.68,35035.08,1983379.0
2022-02-10,123.28,34641.68,2199671.0
2022-02-11,123.38,34669.78,2841629.0
2022-02-14,124.8,35068.8,3268818.0
2022-02-15,124.21,34903.01,2209867.0
2022-02-16,123.48,34697.88,1796801.0
2022-02-17,122.64,34461.84,1801929.0
2022-02-18,125.89,35040.9855,5359413.0
2022-02-22,125.09,34818.3086,2961258.0
2022-02-23,123.28,34314.5023,2100072.0
2022-02-24,120.82,33629.771,3220269.0
2022-02-25,124.17,34562.2303,1787938.0
2022-02-28,122.36,34058.4239,2648732.0
2022-03-01,119.86,33362.5588,1757573.0
2022-03-02,123.88,34481.5099,1843291.0
2022-03-03,125.68,34982.5328,2447160.0
2022-03-04,127.55,35503.04,2862365.0
2022-03-07,125.17,34840.5763,2605906.0
2022-03-08,122.03,33966.5697,2356201.0
2022-03-09,122.42,34075.1247,1918733.0
2022-03-10,122.91,34211.5142,1563534.0
2022-03-11,123.38,34342.3369,1475911.0
2022-03-14,125.88,35038.202,1974582.0
2022-03-15,127.13,35386.1346,1699597.0
2022-03-16,126.49,35207.9931,1940632.0
2022-03-17,130.92,36441.0662,2343789.0
2022-03-18,133.5,37159.199,6081827.0
2022-03-21,134.53,37445.8955,2523640.0
2022-03-22,137.04,38144.5441,2475744.0
2022-03-23,137.05,38147.3275,2855631.0
2022-03-24,138.75,38620.5158,1653283.0
2022-03-25,141.8,39469.4713,1897974.0
2022-03-28,140.6,39135.456,2543125.0
2022-03-29,139.59,38854.3265,1626995.0
2022-03-30,140.39,39077.0034,1310513.0
2022-03-31,138.51,38553.7128,2346405.0
2022-04-01,139.54,38840.4092,1276336.0
2022-04-04,137.09,38158.4614,1815839.0
2022-04-05,137.24,38200.2133,1394755.0
2022-04-06,139.02,38695.6693,1610457.0
2022-04-07,140.41,39082.5703,1703172.0
2022-04-08,141.93,39505.6563,1682295.0
2022-04-11,142.9,39436.3668,1896857.0
2022-04-12,142.12,39221.1088,1872585.0
2022-04-13,141.88,39154.8756,1367650.0
2022-04-14,141.16,38956.1759,3787370.0
2022-04-18,139.73,38561.5363,1440172.0
2022-04-19,141.74,39116.2395,1806991.0
2022-04-20,143.86,39701.2997,1437096.0
2022-04-21,141.13,38947.8967,1276212.0
2022-04-22,132.07,36447.5925,2305737.0
2022-04-25,131.82,36378.5995,1903095.0
2022-04-26,128.98,35594.8397,1600593.0
2022-04-27,128.37,35426.4969,1403624.0
2022-04-28,130.34,35970.1613,1355203.0
2022-04-29,126.54,34921.4685,1614130.0
2022-05-02,127.73,35249.8749,1587840.0
2022-05-03,129.78,35815.6171,1662293.0
2022-05-04,133.68,36759.7272,1688676.0
2022-05-05,131.58,36182.2629,2465113.0
2022-05-06,130.56,35901.7802,1851948.0
2022-05-09,128.96,35461.8074,1405409.0
2022-05-10,129.59,35635.0467,1739488.0
2022-05-11,128.55,35349.0644,1585507.0
2022-05-12,127.55,35074.0814,1867398.0
2022-05-13,128.19,35250.0705,1384675.0
2022-05-16,127.25,34991.5865,1465865.0
2022-05-17,129.21,35530.5532,1208265.0
2022-05-18,128.01,35200.5736,1604581.0
2022-05-19,125.79,34590.1113,1470255.0
2022-05-20,123.03,33831.1582,2070045.0
2022-05-23,125.66,34554.3635,1498117.0
2022-05-24,128.83,35426.0596,1540233.0
2022-05-25,130.95,36009.0236,2035797.0
2022-05-26,133.69,36762.477,1676281.0
2022-05-27,136.89,37642.4226,1539462.0
2022-05-31,136.69,37587.426,6403508.0
2022-06-01,134.7,37040.2098,1476921.0
2022-06-02,134.15,36888.9692,1205740.0
2022-06-03,131.97,36289.5062,1031612.0
2022-06-06,132.35,36393.9998,1445802.0
2022-06-07,132.54,36446.2466,1604547.0
2022-06-08,131.06,36039.2717,956965.0
2022-06-09,127.86,35159.3261,1137325.0
2022-06-10,124.59,34260.1317,1583891.0
2022-06-13,123.1,33850.4071,1970438.0
2022-06-14,121.99,33545.1759,1634021.0
2022-06-15,121.67,33457.1814,1661404.0
2022-06-16,119.53,32868.7178,2362117.0
2022-06-17,120.56,33151.9502,4120590.0
2022-06-21,121.8,33492.9292,1161234.0
2022-06-22,122.07,33567.1746,1245648.0
2022-06-23,121.81,33495.679,1368752.0
2022-06-24,127.16,34966.838,5383226.0
2022-06-27,126.19,34700.1045,953598.0
2022-06-28,125.7,34565.3628,1341258.0
2022-06-29,125.42,34488.3676,1101272.0
2022-06-30,126.73,34848.5953,1472694.0
2022-07-01,130.7,35940.2778,2525820.0
2022-07-05,128.9,35445.3084,2336920.0
2022-07-06,131.14,36061.2704,1853782.0
2022-07-07,131.2,36077.7693,1295945.0
2022-07-08,130.87,35987.0249,1116885.0
2022-07-11,130.33,35838.5341,1442521.0
2022-07-12,128.03,35206.0732,1704744.0
2022-07-13,126.86,34884.3431,1854990.0
2022-07-14,120.92,33250.9441,2481283.0
2022-07-15,122.4,33657.919,4448644.0
2022-07-18,119.77,32934.7137,1531567.0
2022-07-19,122.63,33721.165,1345218.0
2022-07-20,122.34,33641.42,1581947.0
2022-07-21,115.9,31870.5295,4386828.0
2022-07-22,116.2,31953.0244,2157932.0
2022-07-25,116.72,32096.0155,1239303.0
2022-07-26,115.12,31656.0427,1457814.0
2022-07-27,116.98,32167.5111,2099895.0
2022-07-28,115.74,31826.5322,1849056.0
2022-07-29,116.97,32164.7613,1332156.0
2022-08-01,116.16,31942.025,1871561.0
2022-08-02,115.7,31815.5329,1501618.0
2022-08-03,115.06,31100.2104,2062833.0
2022-08-04,113.92,30792.0734,2168382.0
2022-08-05,117.0,31624.5838,1454286.0
2022-08-08,118.29,31973.2651,1346123.0
2022-08-09,119.74,32365.1937,1159659.0
2022-08-10,123.79,33459.8908,1675019.0
2022-08-11,126.94,34311.3219,1926174.0
2022-08-12,129.44,34987.0609,1834429.0
2022-08-15,127.76,34532.9643,1615503.0
2022-08-16,129.73,35065.4466,1590371.0
2022-08-17,132.04,35689.8294,1907506.0
2022-08-18,133.02,35954.7191,1145125.0
2022-08-19,130.2,35192.4856,1289156.0
2022-08-22,125.55,33935.6111,1474108.0
2022-08-23,125.5,33922.0963,1445367.0
2022-08-24,126.96,34316.7279,1295442.0
2022-08-25,128.0,34597.8353,912198.0
2022-08-26,125.05,33800.4633,1079967.0
2022-08-29,124.09,33540.9795,1343039.0
2022-08-30,122.34,33067.9622,1581953.0
2022-08-31,120.5,32570.6184,2548922.0
2022-09-01,121.39,32811.1814,1719423.0
2022-09-02,121.48,32835.508,1374289.0
2022-09-06,121.49,32838.211,1211942.0
2022-09-07,125.12,33819.384,1296004.0
2022-09-08,126.93,34308.619,1590834.0
2022-09-09,126.44,34176.1741,1475250.0
2022-09-12,127.1,34354.5692,1063311.0
2022-09-13,122.54,33122.0214,1189926.0
2022-09-14,124.0,33516.6529,1933574.0
2022-09-15,129.02,34873.5368,2584267.0
2022-09-16,129.42,34981.655,4847156.0
2022-09-19,132.08,35700.6413,1728118.0
2022-09-20,130.08,35160.0501,1677957.0
2022-09-21,127.85,34557.2909,1744402.0
2022-09-22,127.97,34589.7264,1751014.0
2022-09-23,127.62,34495.1229,1777923.0
2022-09-26,123.93,33497.7322,1583567.0
2022-09-27,123.82,33467.9997,1822611.0
2022-09-28,126.41,34168.0653,1403638.0
2022-09-29,126.13,34092.3825,1968355.0
2022-09-30,124.53,33659.9096,2601465.0
2022-10-03,128.28,34673.518,1933431.0
2022-10-04,132.81,35897.957,2098310.0
2022-10-05,133.0,35949.3132,1620600.0
2022-10-06,130.54,35284.3861,1546765.0
2022-10-07,130.64,35311.4156,2223318.0
2022-10-10,131.39,35514.1373,1237333.0
2022-10-11,132.97,35941.2043,1570353.0
2022-10-12,131.13,35443.8605,2256079.0
2022-10-13,134.96,36479.0926,3423034.0
2022-10-14,132.44,35797.9477,1837688.0
2022-10-17,133.5,36084.461,1193857.0
2022-10-18,137.38,37133.2079,1614993.0
2022-10-19,135.15,36530.4487,2068632.0
2022-10-20,117.71,31816.4937,9420319.0
2022-10-21,120.08,32457.0942,3193700.0
2022-10-24,124.87,33751.8101,2681958.0
2022-10-25,124.65,33692.345,1665910.0
2022-10-26,124.27,33589.6327,1799204.0
2022-10-27,122.57,33130.1302,2235020.0
2022-10-28,126.39,34162.6594,2222696.0
2022-10-31,126.25,34124.818,1892201.0
2022-11-01,125.75,33989.6702,1508031.0
2022-11-02,123.34,32710.9489,2445976.0
2022-11-03,123.96,32875.3788,2815540.0
2022-11-04,129.12,34243.8602,2337822.0
2022-11-07,128.82,34164.2973,1284632.0
2022-11-08,130.26,34546.1991,1362506.0
2022-11-09,127.94,33930.9129,1178837.0
2022-11-10,130.19,34527.6344,1631785.0
2022-11-11,132.09,35031.5326,1533450.0
2022-11-14,129.04,34222.6434,1074980.0
2022-11-15,132.03,35015.6201,2004073.0
2022-11-16,132.31,35089.8787,1531353.0
2022-11-17,134.61,35699.8608,1190520.0
2022-11-18,132.74,35203.9189,1756024.0
2022-11-21,134.26,35607.0374,1629780.0
2022-11-22,133.87,35503.6057,877662.0
2022-11-23,134.35,35630.9063,934999.0
2022-11-25,135.42,35914.6805,513838.0
2022-11-28,132.72,35198.6147,1206837.0
2022-11-29,133.38,35373.653,1263707.0
2022-11-30,133.9,35511.562,3212941.0
2022-12-01,132.01,35010.3159,1925563.0
2022-12-02,130.85,34702.6728,1298199.0
2022-12-05,128.44,34063.5177,1246579.0
2022-12-06,130.31,34559.4596,1464850.0
2022-12-07,130.11,34506.4177,1717551.0
2022-12-08,130.03,34485.2009,1194900.0
2022-12-09,128.55,34092.6907,1237573.0
2022-12-12,128.83,34166.9494,1220338.0
2022-12-13,130.32,34562.1117,2135768.0
2022-12-14,129.9,34450.7237,1524471.0
2022-12-15,132.29,35084.5745,2416384.0
2022-12-16,131.19,34792.844,4120018.0
2022-12-19,130.99,34739.8021,1188975.0
2022-12-20,133.68,35453.2159,1615993.0
2022-12-21,134.64,35707.817,1261501.0
2022-12-22,135.43,35917.3326,1382627.0
2022-12-23,136.37,36166.6296,872717.0
2022-12-27,136.02,36073.8063,737493.0
2022-12-28,135.43,35917.3326,661282.0
2022-12-29,136.42,36179.8901,629061.0
2022-12-30,135.6,35962.4182,706025.0
2023-01-03,136.66,36243.5404,1248340.0
2023-01-04,138.96,36853.5224,1466005.0
2023-01-05,139.34,36954.302,1108802.0
2023-01-06,141.37,37492.6775,1308152.0
2023-01-09,140.01,37131.9925,1534219.0
2023-01-10,141.26,37463.5044,905679.0
2023-01-11,138.23,36659.9194,1553527.0
2023-01-12,137.07,36352.2763,1365569.0
2023-01-13,138.97,36856.1745,1203267.0
2023-01-17,135.52,35941.2015,1798396.0
2023-01-18,132.43,35121.7039,1900097.0
2023-01-19,124.64,33055.7213,4888607.0
2023-01-20,125.65,33323.583,2522230.0
2023-01-23,125.24,33214.847,2064859.0
2023-01-24,127.26,33750.5704,1852853.0
2023-01-25,128.62,34111.2554,1454330.0
2023-01-26,128.6,34105.9512,1256454.0
2023-01-27,127.83,33901.7398,1075646.0
2023-01-30,128.0,33946.8255,1159298.0
2023-01-31,128.47,34071.474,1414446.0
2023-02-01,128.16,33989.259,1794123.0
2023-02-02,131.89,34753.015,4016422.0
2023-02-03,131.33,34605.455,1760759.0
2023-02-06,134.98,35567.23,2233839.0
2023-02-07,136.72,36025.72,1493266.0
2023-02-08,136.83,36054.705,1483343.0
2023-02-09,133.56,35193.06,1842039.0
2023-02-10,135.41,35680.535,1391738.0
2023-02-13,136.51,35970.385,1215794.0
2023-02-14,135.04,35583.04,1276453.0
2023-02-15,137.15,36139.025,1308406.0
2023-02-16,137.1,36102.5019,1539377.0
2023-02-17,135.05,35562.676,1460037.0
2023-02-21,134.41,35394.145,1808690.0
2023-02-22,133.28,35096.5824,1439512.0
2023-02-23,131.85,34720.0209,1318808.0
2023-02-24,131.59,34651.5552,1365664.0
2023-02-27,128.95,33956.3648,1847814.0
2023-02-28,128.78,33911.5988,2012991.0
2023-03-01,127.61,33603.503,1681552.0
2023-03-02,126.28,33253.2745,1730043.0
2023-03-03,128.13,33740.4345,1592362.0
2023-03-06,127.6,33600.8697,1372376.0
2023-03-07,124.58,32805.614,1221994.0
2023-03-08,122.4,32231.5553,1824836.0
2023-03-09,119.4,31441.5662,1651831.0
2023-03-10,118.2,31125.5705,1979707.0
2023-03-13,114.18,30066.9851,3208036.0
2023-03-14,114.36,30114.3845,2513756.0
2023-03-15,110.61,29126.8981,2826438.0
2023-03-16,112.1,29519.2594,2727938.0
2023-03-17,105.11,27678.5848,9352191.0
2023-03-20,109.2,28755.6032,2990233.0
2023-03-21,112.54,29635.1244,2576974.0
2023-03-22,108.53,28579.1723,1856353.0
2023-03-23,105.58,27802.3497,2139715.0
2023-03-24,105.59,27804.983,2893028.0
2023-03-27,106.99,28173.6446,1771436.0
2023-03-28,106.34,28002.4803,1585291.0
2023-03-29,109.7,28887.2681,2263465.0
2023-03-30,109.09,28726.637,1324132.0
2023-03-31,110.81,29179.5641,1901109.0
2023-04-03,114.25,30085.4182,2381580.0
2023-04-04,113.17,29801.0221,1421924.0
2023-04-05,114.88,30251.3159,1396617.0
2023-04-06,115.22,30340.848,1414450.0
2023-04-10,116.11,30575.2115,989505.0
2023-04-11,116.1,30553.6463,1062215.0
2023-04-12,116.08,30548.383,1377086.0
2023-04-13,114.11,30029.9447,2889736.0
2023-04-14,112.13,29508.8748,2287589.0
2023-04-17,114.89,30235.2147,2210639.0
2023-04-18,114.14,30037.8397,1856384.0
2023-04-19,116.51,30661.5446,1962416.0
2023-04-20,117.38,30890.4996,3165420.0
2023-04-21,115.78,30469.433,1503916.0
2023-04-24,115.9,30501.013,1034408.0
2023-04-25,114.91,30240.478,963253.0
2023-04-26,114.06,30016.7864,1140989.0
2023-04-27,115.25,30329.9547,1155492.0
2023-04-28,115.76,30464.1697,2228891.0
2023-05-01,115.86,30490.4863,1188792.0
2023-05-02,112.39,29577.2981,2224346.0
2023-05-03,111.5,29307.9885,2979819.0
2023-05-04,114.02,29970.3753,3413980.0
2023-05-05,115.73,30419.8521,2244747.0
2023-05-08,116.12,30522.3644,1323873.0
2023-05-09,118.42,31126.9238,1945247.0
2023-05-10,117.67,30929.7848,1642773.0
2023-05-11,118.33,31103.2671,1730869.0
2023-05-12,118.26,31084.8675,1689707.0
2023-05-15,117.93,30998.1263,2144499.0
2023-05-16,116.81,30703.7322,1196710.0
2023-05-17,119.0,31279.3779,1719106.0
2023-05-18,118.89,31250.4642,1512364.0
2023-05-19,117.78,30958.6985,2027639.0
2023-05-22,118.09,31040.1826,1579194.0
2023-05-23,116.26,30559.1636,1848214.0
2023-05-24,113.4,29807.4072,1730490.0
2023-05-25,111.04,29187.0766,2013654.0
2023-05-26,109.53,28790.1702,1697159.0
2023-05-30,110.66,29087.1929,1607875.0
2023-05-31,108.45,28506.2902,3871052.0
2023-06-01,109.2,28703.4291,1618882.0
2023-06-02,110.08,28934.7388,1119173.0
2023-06-05,109.48,28777.0277,1376620.0
2023-06-06,109.99,28911.0821,1693326.0
2023-06-07,112.22,29497.2419,1337761.0
2023-06-08,111.91,29415.7578,1213520.0
2023-06-09,111.96,29428.9004,1602925.0
2023-06-12,112.35,29531.4127,1119134.0
2023-06-13,113.45,29820.5498,1308937.0
2023-06-14,111.4,29281.7033,2878629.0
2023-06-15,110.54,29055.6507,3260084.0
2023-06-16,111.17,29221.2474,3778755.0
2023-06-20,108.61,28548.3465,3393817.0
2023-06-21,107.73,28317.0368,4040081.0
2023-06-22,108.0,28388.0068,1801092.0
2023-06-23,107.53,28264.4664,3587815.0
2023-06-26,108.96,28640.3447,1693259.0
2023-06-27,108.64,28556.232,990095.0
2023-06-28,108.86,28614.0595,2185120.0
2023-06-29,109.09,28674.5154,1416942.0
2023-06-30,109.04,28661.3728,1825860.0
2023-07-03,110.51,29047.7651,952119.0
2023-07-05,110.04,28924.2247,2430841.0
2023-07-06,108.76,28587.7743,2118075.0
2023-07-07,108.27,28458.9768,1850532.0
2023-07-10,106.75,28059.4419,1541052.0
2023-07-11,109.07,28669.2584,2003264.0
2023-07-12,107.6,28282.8661,1745656.0
2023-07-13,104.83,27554.7662,3209415.0
2023-07-14,101.18,26595.3568,3465039.0
2023-07-17,102.41,26918.6646,1950979.0
2023-07-18,103.42,27184.145,1742592.0
2023-07-19,105.79,27807.1041,2726696.0
2023-07-20,111.98,29434.1574,3263240.0
2023-07-21,110.82,29129.2492,1467865.0
2023-07-24,112.11,29468.3282,1138004.0
2023-07-25,110.47,29037.2511,1064834.0
2023-07-26,112.96,29691.7523,1282553.0
2023-07-27,112.78,29644.439,1088334.0
2023-07-28,112.46,29560.3264,1165537.0
2023-07-31,112.68,29618.1538,890417.0
2023-08-01,113.03,29565.6814,1459678.0
2023-08-02,106.51,27860.2205,2844070.0
2023-08-03,111.36,29128.8532,2727357.0
2023-08-04,109.87,28739.1084,1518159.0
2023-08-07,110.74,28966.6775,905674.0
2023-08-08,110.44,28888.2054,1432920.0
2023-08-09,109.6,28668.4834,1053559.0
2023-08-10,110.69,28953.5988,1002032.0
2023-08-11,109.04,28522.0021,1365456.0
2023-08-14,106.9,27962.2343,1524173.0
2023-08-15,105.07,27483.5543,1474085.0
2023-08-16,109.74,28705.1038,2269085.0
2023-08-17,107.91,28226.4238,1724473.0
2023-08-18,106.19,27776.5169,1464185.0
2023-08-21,105.29,27541.1006,1547924.0
2023-08-22,105.12,27496.633,1001836.0
2023-08-23,105.62,27627.4199,897130.0
2023-08-24,105.34,27554.1792,1104712.0
2023-08-25,105.14,27501.8645,1217263.0
2023-08-28,105.42,27575.1051,1027839.0
2023-08-29,106.56,27873.2992,1177957.0
2023-08-30,109.26,28579.5484,1855976.0
2023-08-31,107.81,28200.2664,2218878.0
2023-09-01,110.56,28919.5942,1330026.0
2023-09-05,107.22,28045.9379,1444755.0
2023-09-06,107.93,28231.6553,1360291.0
2023-09-07,107.73,28179.3405,1493794.0
2023-09-08,106.2,27779.1327,1707484.0
2023-09-11,107.78,28192.4192,1386738.0
2023-09-12,109.49,28639.7103,1305354.0
2023-09-13,108.9,28485.3818,2446789.0
2023-09-14,110.55,28916.9785,2585296.0
2023-09-15,108.78,28453.993,2901875.0
2023-09-18,111.04,29045.1496,2140551.0
2023-09-19,113.38,29657.2322,2654544.0
2023-09-20,114.15,29858.644,2142152.0
2023-09-21,113.85,29780.1719,1935419.0
2023-09-22,114.09,29842.9496,1741097.0
2023-09-25,115.24,30143.7594,1983386.0
2023-09-26,113.27,29628.4591,1247195.0
2023-09-27,113.02,29563.0657,1262144.0
2023-09-28,112.49,29424.4316,909994.0
2023-09-29,111.41,29141.9319,1206851.0
2023-10-02,110.91,29011.1451,1337990.0
2023-10-03,109.91,28749.5713,1192783.0
2023-10-04,111.45,29152.3949,1009792.0
2023-10-05,112.37,29393.0427,1014719.0
2023-10-06,113.15,29597.0703,1186083.0
2023-10-09,114.17,29863.8755,831773.0
2023-10-10,114.72,30007.7411,1247868.0
2023-10-11,114.77,30020.8197,941397.0
2023-10-12,113.98,29814.1765,1125158.0
2023-10-13,120.32,31472.5541,2897434.0
2023-10-16,124.92,32675.7933,3982949.0
2023-10-17,127.92,33460.5146,3391660.0
2023-10-18,127.41,33327.112,1647483.0
2023-10-19,124.74,32628.7101,1863331.0
2023-10-20,123.19,32223.2708,1511731.0
2023-10-23,121.83,31867.5304,1004932.0
2023-10-24,124.29,32511.0019,2456218.0
2023-10-25,125.19,32746.4183,2001746.0
2023-10-26,125.62,32858.895,1828060.0
2023-10-27,123.3,32252.0439,2431623.0
2023-10-30,125.47,32819.6589,1767685.0
2023-10-31,128.13,33515.4451,2475025.0
2023-11-01,129.75,33953.8966,2992484.0
2023-11-02,131.36,34375.2127,3689238.0
2023-11-03,131.73,34472.0369,2006572.0
2023-11-06,130.52,34155.3956,1263332.0
2023-11-07,129.66,33930.3447,1353138.0
2023-11-08,129.28,33830.9036,795745.0
2023-11-09,128.99,33755.0144,1133608.0
2023-11-10,130.32,34103.0582,818140.0
2023-11-13,129.85,33980.0653,1133112.0
2023-11-14,131.65,34451.102,1091525.0
2023-11-15,131.57,34430.167,1279376.0
2023-11-16,134.75,35262.3319,2361011.0
2023-11-17,134.19,35115.7871,1125468.0
2023-11-20,134.64,35233.5463,1205563.0
2023-11-21,134.96,35317.2862,1119911.0
2023-11-22,136.09,35612.9925,1034339.0
2023-11-24,136.61,35749.0698,443213.0
2023-11-27,137.47,35974.1207,1167739.0
2023-11-28,136.43,35701.9661,754269.0
2023-11-29,135.49,35455.9803,1041361.0
2023-11-30,137.87,36078.7955,2574326.0
2023-12-01,137.68,36029.075,1033490.0
2023-12-04,138.64,36280.2946,1320568.0
2023-12-05,138.68,36290.762,1504415.0
2023-12-06,138.49,36241.0415,1008070.0
2023-12-07,139.02,36379.7356,1685826.0
2023-12-08,139.32,36458.2418,806297.0
2023-12-11,143.07,37439.5682,2447925.0
2023-12-12,144.36,37777.1446,1809464.0
2023-12-13,144.35,37774.5277,1397540.0
2023-12-14,139.24,36437.3068,2535519.0
2023-12-15,139.06,36390.2031,3198710.0
2023-12-18,138.75,36309.0801,1612587.0
2023-12-19,138.25,36178.2366,1738329.0
2023-12-20,135.62,35489.9996,1508880.0
2023-12-21,135.4,35432.4285,1511849.0
2023-12-22,137.4,35955.8026,1227271.0
2023-12-26,138.08,36133.7498,704907.0
2023-12-27,138.39,36214.8728,714368.0
2023-12-28,139.82,36589.0853,900510.0
2023-12-29,139.98,36630.9552,723378.0
